id,name,slug,games_count,description
1,Survival,survival,4052,
100,Grand Strategy,grand-strategy,213,
1000,sokpop,sokpop,9,
10003,ranking,ranking,7,
10005,corruption,corruption,24,
10009,cubic,cubic,9,
10024,indie-games,indie-games,6,
10033,free-software,free-software,8,
10073,badass,badass,10,
10074,globalgamejam,globalgamejam,17,
10076,crossover,crossover,24,
1009,chill,chill,494,
101,Turn-Based Strategy,turn-based-strategy,1982,
1013,ocean,ocean,515,
10136,legend,legend,24,
10149,write,write,8,
1015,survive,survive,846,
1016,anxiety,anxiety,254,
10163,france,france,29,
1017,browser,browser,856,
1018,depression,depression,274,
10181,geometrical,geometrical,6,
10183,missions,missions,7,
102,Turn-Based,turn-based,3155,
10215,raid,raid,9,
1022,dad,dad,21,
10225,holy,holy,7,
10226,potatoes,potatoes,7,
10231,good-game,good-game,8,
1024,contemplative,contemplative,54,
10267,puppy,puppy,21,
10269,hour,hour,8,
1027,octopus,octopus,49,
10286,feet,feet,9,
1029,bishoujo,bishoujo,9,
10296,reflexion,reflexion,44,
103,Hex Grid,hex-grid,113,
1030,Black and White,black-and-white,1315,
10368,civil-war,civil-war,6,
1037,Tetris,tetris,851,
1039,Ludum Dare 31,ludum-dare-31,239,
104,Wargame,wargame,271,
1040,urban-fantasy,urban-fantasy,20,
10403,engine,engine,10,
1041,furry,furry,451,
10420,sbigjam,sbigjam,11,
10438,mlp,mlp,12,
1044,nar8,nar8,7,
10442,bull,bull,13,
10449,action-game,action-game,18,
1045,personal,personal,122,
1047,moe,moe,94,
10483,stomp,stomp,7,
10484,defuse,defuse,7,
105,World War II,world-war-ii,514,
1050,free-roam,free-roam,15,
1052,rubber,rubber,6,
10534,chameleon,chameleon,18,
10544,persona,persona,10,
1055,celeste,celeste,21,
10574,divine,divine,8,
106,Pinball,pinball,557,
1061,oelvn,oelvn,21,
10613,astro,astro,7,
1062,TyranoBuilder,tyranobuilder,110,
10620,ludum-dare-25,ludum-dare-25,11,
10628,asian,asian,14,
1063,html,html,1291,
10639,motocross,motocross,25,
10641,carrots,carrots,9,
1067,Fangame,fangame,1242,
1068,sea,sea,1746,
1069,ball,ball,4735,
107,Family Friendly,family-friendly,1432,
10710,make-a-thing,make-a-thing,7,
1075,Generator,generator,589,
1076,random,random,1859,
10766,reality-based,reality-based,43,
10776,button,button,36,
1078,speedrun,speedrun,819,
1079,environment,environment,5502,
10790,spaceships,spaceships,44,
10795,rainbows,rainbows,13,
108,Mythology,mythology,660,
1080,GitHub,github,1055,
1081,adult,adult,822,
10839,crossing,crossing,9,
10846,no,no,15,
1085,no-combat,no-combat,8,
1086,plants,plants,691,
10873,shaman,shaman,12,
10896,minild,minild,11,
10926,epic-megajam,epic-megajam,17,
10928,awful,awful,9,
1093,relationships,relationships,25,
10930,vertical-scroller,vertical-scroller,8,
10936,randomizer,randomizer,9,
10939,android-game,android-game,32,
10950,fat,fat,42,
1097,ftl,ftl,13,
11,Team-Based,team-based,521,
110,Cinematic,cinematic,271,
11017,meme-game,meme-game,6,
11023,kitties,kitties,6,
1103,earth,earth,112,
1105,planet,planet,2013,
11068,technology,technology,47,
11069,connect-4,connect-4,7,
11074,gamecodeur,gamecodeur,100,
11075,leaf,leaf,6,
11083,argentina,argentina,45,
111,Short,short,17406,
1110,ue4,ue4,357,
11101,rpgmaker2003,rpgmaker2003,7,
1113,regency,regency,6,
11131,chrome,chrome,23,
11135,goose,goose,34,
11142,driving-simulator,driving-simulator,12,
1115,gbjam6,gbjam6,7,
11167,shootout,shootout,9,
1117,chaos,chaos,115,
11185,finance,finance,9,
11190,gameaweek,gameaweek,22,
11192,summer-slow-jam,summer-slow-jam,6,
112,Minimalist,minimalist,6736,
1120,red,red,98,
11208,jokes,jokes,16,
11214,howell,howell,7,
1122,hypertext,hypertext,35,
11222,scavenger-hunt,scavenger-hunt,9,
1124,bear,bear,585,
11244,rising,rising,7,
1125,arena,arena,1544,
1127,keyboard,keyboard,1595,
1128,anthro,anthro,43,
11281,coin-op,coin-op,11,
1129,art,art,5558,
11290,sagamedev,sagamedev,6,
11291,kanye,kanye,6,
113,Side Scroller,side-scroller,4304,
1130,new,new,240,
11305,wet,wet,8,
11307,buffalo,buffalo,6,
1131,sex,sex,268,
11315,zzt,zzt,24,
1134,megaman,megaman,74,
1136,oldschool,oldschool,122,
11364,zodiac,zodiac,17,
1137,retrogame,retrogame,20,
1138,builder,builder,72,
11390,420,tag-51,11,
11391,emojiam,emojiam,7,
114,Physics,physics,10863,
1141,90s,90s,104,
1144,vaporwave,vaporwave,241,
1146,flashback,flashback,7,
11469,whack,whack,8,
1147,infiltration,infiltration,31,
1148,mood,mood,42,
1149,muscle,muscle,9,
11493,haunting,haunting,8,
115,Controller,controller,4790,
1150,godot,godot,2445,
11501,dashing,dashing,7,
11502,slowmotion,slowmotion,13,
1153,boobs,boobs,22,
11541,siege,siege,8,
11554,motion,motion,13,
1156,princess,princess,1054,
11562,asexuality,asexuality,7,
11578,explode,explode,17,
1158,creative,creative,741,
11595,tapper,tapper,14,
116,2.5D,25d,271,
1160,gallery,gallery,57,
11609,nothing,nothing,24,
1161,painting,painting,337,
1162,Asteroids,asteroids,1515,
11620,patterns,patterns,9,
11622,escher,escher,8,
11626,oasis,oasis,17,
11629,venezuela,venezuela,16,
1163,learning,learning,448,
11630,board,board,39,
1164,medical,medical,41,
1165,video,video,98,
11669,stats,stats,3398,
11680,mixed-reality,mixed-reality,6,
11690,spike,spike,16,
117,Mystery,mystery,5722,
1171,block,block,2365,
11713,pc-game,pc-game,12,
1172,lua,lua,349,
11747,xkcdgamejam,xkcdgamejam,7,
1176,sonic,sonic,191,
11762,hungry,hungry,20,
11782,error,error,22,
1179,challenges,challenges,8,
118,Story Rich,story-rich,7821,
1180,idle,idle,747,
11809,apk,apk,39,
1181,lost,lost,56,
11815,tic-tac-toe,tic-tac-toe,72,
11824,paranoia,paranoia,11,
11829,billiard,billiard,16,
11830,snooker,snooker,12,
1184,tamagotchi,tamagotchi,98,
1185,baking,baking,26,
11858,fisica,fisica,6,
1186,cake,cake,88,
11863,space-invader,space-invader,8,
11866,micro-game,micro-game,11,
11870,division,division,6,
11872,subtraction,subtraction,9,
11880,brickbreaker,brickbreaker,24,
119,Dystopian,dystopian,804,
1190,hell,hell,1057,
11922,fog,fog,11,
11925,replay,replay,10,
11927,steal,steal,15,
11941,bolsonaro,bolsonaro,7,
11944,masks,masks,13,
11945,motivation,motivation,7,
11956,michael,michael,10,
11959,blaster,blaster,12,
11961,competetive,competetive,11,
11966,hog,hog,6,
1198,wolfenstein,wolfenstein,14,
11995,mentalhealth,mentalhealth,6,
11999,leprechaun,leprechaun,7,
120,Memes,memes,910,
12018,mobilegame,mobilegame,7,
1202,Neon,neon,1300,
12025,obstacle-course,obstacle-course,12,
1203,voidscape,voidscape,12,
12038,kitten,kitten,28,
12039,meow,meow,11,
12040,physics-game,physics-game,6,
12048,thesis,thesis,8,
12057,barrel,barrel,11,
1206,flying,flying,512,
12063,powerup,powerup,18,
12082,roller,roller,15,
12083,round,round,13,
12087,esoteric,esoteric,9,
121,Character Customization,character-customization,1043,
12106,company,company,8,
12110,child-friendly,child-friendly,17,
12115,speech,speech,9,
1212,combos,combos,1371,
1214,mystic,mystic,17,
12145,billy,billy,6,
12150,sega-genesis,sega-genesis,18,
1216,meta,meta,241,
1218,trash,trash,365,
12185,leaves,leaves,6,
1219,fairy,fairy,43,
122,Pixel Graphics,pixel-graphics,38875,
12209,boom,boom,31,
1221,history,history,1728,
1222,notgame,notgame,44,
1223,growing,growing,60,
12244,second-person,second-person,19,
1225,musical,musical,47,
1226,Virtual Pet,virtual-pet,422,
12274,duality,duality,7,
12289,norbez,norbez,6,
12295,traditional,traditional,9,
123,Comedy,comedy,5212,
1230,fermijam,fermijam,17,
12315,vocabulary,vocabulary,17,
12317,texas,texas,8,
1232,evolve,evolve,28,
1233,walking,walking,23,
1234,ambient,ambient,323,
12353,missile-command,missile-command,23,
1236,joke,joke,306,
12372,avatar,avatar,17,
12375,stream,stream,17,
1238,firefighting,firefighting,7,
124,Perma Death,perma-death,778,
12434,noel,noel,10,
12436,fidget,fidget,12,
1244,zen,zen,363,
1245,trainjam,trainjam,78,
12458,bigfoot,bigfoot,11,
12461,powerpoint,powerpoint,58,
12479,hills,hills,6,
1249,platformer-shooter,platformer-shooter,7,
125,Crafting,crafting,1469,
12502,cold,cold,33,
1252,portal,portal,291,
1253,scifi,scifi,200,
12536,survi,survi,7,
1254,flash,flash,171,
12544,wildwest,wildwest,11,
1256,folklore,folklore,78,
1257,iwbtg,iwbtg,6,
1258,masocore,masocore,17,
12590,helicopters,helicopters,6,
126,Dinosaurs,dinosaurs,1008,
1261,lovecraft,lovecraft,130,
1262,harmony,harmony,7,
1263,cashier,cashier,6,
1264,supermarket,supermarket,21,
12643,fighting-games,fighting-games,7,
12648,nukes,nukes,7,
1267,rift,rift,14,
1269,Construct 2,construct-2,1304,
127,Card Game,card-game,753,
12700,university,university,259,
1275,Ludum Dare 30,ludum-dare-30,188,
12754,elementals,elementals,6,
1279,lowpoly,lowpoly,107,
128,Horses,horses,50,
1281,old-school,old-school-2,185,
12843,solar-system,solar-system,26,
1285,linux,linux,348,
1287,haxeflixel,haxeflixel,71,
12894,sequel,sequel,34,
12896,off-road,off-road,10,
129,TrackIR,trackir,36,
12907,friendly,friendly,7,
12958,ducky,ducky,7,
12959,studios,studios,23,
12998,spain,spain,12,
13,Atmospheric,atmospheric,10223,
130,Driving,driving,2960,
1302,windows,windows,1738,
1303,Shadows,shadows,557,
13050,mechanical,mechanical,7,
13057,space-cowboy,space-cowboy,9,
1306,victorian,victorian,30,
13067,finnish,finnish,8,
1308,guitar,guitar,72,
1309,hero,hero,3694,
13091,bottle,bottle,12,
131,Fast-Paced,fast-paced,6009,
1310,machine,machine,124,
13102,chopper,chopper,10,
13119,alpaca,alpaca,15,
13120,quick-time-event,quick-time-event,6,
13121,bound,bound,6,
13122,starcraft,starcraft,9,
1313,32-bit,32-bit,98,
1314,story-driven,story-driven,44,
13140,moles,moles,12,
13141,openjam,openjam,6,
1315,room,room,2782,
13159,stalin,stalin,6,
1316,room-escape,room-escape,29,
1317,Deck Building,deck-building,178,
13176,plateforme,plateforme,8,
1318,bad,bad,247,
13191,papercraft,papercraft,6,
13195,herding,herding,9,
132,Offroad,offroad,729,
1320,graveyard,graveyard,31,
13203,terry-hess,terry-hess,6,
1323,one-hit-kill,one-hit-kill,597,
1324,autumn,autumn,32,
1325,kids,kids,4522,
1326,flat-shading,flat-shading,240,
13260,canyon,canyon,7,
13264,stuck,stuck,8,
13266,donjon,donjon,7,
1328,office,office,690,
1329,phone,phone,2701,
133,3D Vision,3d-vision,135,
13302,bricks,bricks,41,
1331,slow,slow,36,
13316,idler,idler,72,
1332,Frogs,frogs,516,
13323,coconut,coconut,9,
1333,android,android,2365,
1334,escape-room,escape-room,64,
1336,elon-musk,elon-musk,12,
1338,body-horror,body-horror,32,
13397,rhytm,rhytm,6,
134,Anime,anime,4952,
13404,block-breaker,block-breaker,37,
13411,mobile-game,mobile-game,52,
13420,cyberpunk-jam,cyberpunk-jam,10,
1345,parser,parser,43,
1346,sad,sad,260,
1347,tragedy,tragedy,28,
1348,ascii,ascii,465,
1349,Ludum Dare 36,ludum-dare-36,671,
135,2D Fighter,2d-fighter,241,
1350,crazy,crazy,1523,
1355,threes,threes,11,
1357,shop,shop,1409,
13572,castle-defense,castle-defense,8,
136,Music,music,15218,
1361,murder-mystery,murder-mystery,49,
1363,Visualization,visualization,227,
13633,bycicle,bycicle,7,
13635,fitness,fitness,209,
13640,firstperson,firstperson,15,
1366,curling,curling,18,
1368,serious,serious,84,
1369,Bitsy,bitsy,2796,
137,On-Rails Shooter,on-rails-shooter,349,
1371,poem,poem,198,
13719,wgjgame,wgjgame,73,
1372,procedural-generation,procedural-generation-2,41,
1374,doom,doom,462,
1375,parrallax,parrallax,45,
1377,hack-n-slash,hack-n-slash,6,
1378,bird,bird,1344,
13794,actions,actions,8,
138,Relaxing,relaxing,4829,
1382,duel,duel,441,
1383,non-eucledian,non-eucledian,42,
13841,darts,darts,11,
13847,teaser,teaser,7,
1387,comic,comic,132,
139,Trains,trains,672,
1390,couch-co-op,couch-co-op,23,
13909,bejeweled,bejeweled,6,
13912,arduino,arduino,13,
1396,apocalypse,apocalypse,526,
13965,arcanoid,arcanoid,16,
1398,nuclear,nuclear,55,
1399,undertale,undertale,130,
14,Early Access,early-access,6970,
140,Hidden Object,hidden-object,785,
14005,airplanes,airplanes,8,
1402,porn,porn,92,
14023,age,age,7,
14037,board-games,board-games,60,
1407,race,race,5591,
14096,corrida,corrida,7,
141,Point & Click,point-click,5687,
1411,build,build,3472,
14112,tacos,tacos,9,
14116,simon-says,simon-says,14,
1412,design,design,38,
14149,21,tag-62,7,
14186,logo,logo,8,
14194,deckbuilding,deckbuilding,60,
142,Detective,detective,1181,
1424,2016,tag-2,38,
1425,low-resolution,low-resolution,21,
1427,nightmare,nightmare,362,
1429,girls,girls,1770,
143,RPGMaker,rpgmaker,752,
14308,productivity,productivity,7,
1431,wolves,wolves,20,
1433,novela-visual,novela-visual,10,
1434,gender,gender,96,
1435,firefighter,firefighter,19,
1437,yandere,yandere,42,
14382,pancakes,pancakes,8,
14383,stack,stack,77,
144,Crime,crime,1580,
14405,bullethell,bullethell,26,
1441,earthbound,earthbound,28,
1443,kawaii,kawaii,130,
1444,punk,punk,58,
1445,vignette,vignette,96,
1446,infinite,infinite,574,
1447,scp,scp,61,
145,Choices Matter,choices-matter,718,
1451,english,english,245,
14514,distance,distance,11,
1452,philosophical,philosophical,101,
1453,Kinetic Novel,kinetic-novel,310,
1454,quest,quest,569,
1455,brutal,brutal,20,
1456,chungus,chungus,12,
14568,jeu,jeu,12,
1457,collectibles,collectibles,22,
1458,deadly,deadly,8,
1459,editor,editor,32,
14590,coloring-book,coloring-book,12,
14597,wwii,wwii,12,
146,Nonlinear,nonlinear,376,
1460,mortal,mortal,6,
1461,battle-royale,battle-royale,148,
1462,user-interface,user-interface,160,
1465,combat,combat,3951,
1467,tech,tech,18,
1468,calm,calm,431,
14689,arcade-game,arcade-game,27,
1469,garden,garden,655,
147,Resource Management,resource-management,430,
1470,peaceful,peaceful,146,
1471,ai,ai,1464,
1472,competition,competition,111,
1473,valentine,valentine,22,
14734,playstation,playstation,10,
1475,mouse,mouse,104,
1478,day,day,29,
148,Dark Humor,dark-humor,1271,
1480,of,of,34,
14800,elf,elf,35,
14813,ancient-greece,ancient-greece,14,
1482,the,the,107,
1484,skill,skill,2824,
1485,Christmas,christmas,1638,
1486,holiday,holiday,533,
1488,smash-bros,smash-bros,15,
149,Third Person,third-person,3064,
14915,reflect,reflect,8,
14920,bacon,bacon,15,
1497,car,car,5971,
1499,storm,storm,34,
14993,notgdc,notgdc,11,
15,Stealth,stealth,3202,
150,Third-Person Shooter,third-person-shooter,1139,
1500,immersive,immersive,287,
1505,ship,ship,1881,
1506,job-system,job-system,68,
15088,google-play,google-play,36,
1509,skate,skate,36,
151,Modern,modern,239,
1510,skateboarding,skateboarding,55,
1511,Stencyl,stencyl,215,
1512,Music Production,music-production,112,
15128,community,community,34,
15130,bandits,bandits,6,
15134,loud,loud,7,
1514,funeral,funeral,8,
1515,18,tag-3,52,
1516,resident-evil,resident-evil,15,
15172,2020,tag-66,88,
15192,clickteamfusion,clickteamfusion,7,
152,Western,western,691,
15211,karaoke,karaoke,10,
1524,beach,beach,917,
15249,hole,hole,43,
15253,rave,rave,11,
1527,rain,rain,667,
15283,hearthstone,hearthstone,7,
1529,fight,fight,5677,
15291,theft,theft,6,
153,Satire,satire,609,
1530,animation,animation,2066,
1532,Tilemap based tools,tilemap-based-tools,360,
1533,ace,ace,9,
1534,atari,atari,775,
15352,gift,gift,30,
1537,playground,playground,19,
1538,soldier,soldier,24,
1539,toy,toy,724,
154,Steampunk,steampunk,653,
1540,philosophy,philosophy,76,
1541,radio,radio,38,
1542,7dfps,7dfps,160,
1544,tarot,tarot,71,
1545,giantess,giantess,9,
1547,emotions,emotions,37,
1549,snake,snake,1080,
155,Fishing,fishing,964,
1550,open-source,open-source,89,
15506,costume,costume,7,
1551,ancient,ancient,1000,
15556,catch,catch,224,
15569,max,max,7,
156,Software,software,76,
1564,kenneyjam,kenneyjam,69,
15663,granada-jam,granada-jam,13,
1567,bullet-time,bullet-time-2,26,
1568,hotline-miami,hotline-miami,20,
15686,hard-game,hard-game,11,
1569,html5,html5,533,
157,PvP,pvp,2914,
1570,mashup,mashup,189,
1572,horde,horde,59,
1573,Corona SDK,corona-sdk,61,
1574,delicious,delicious,7,
1575,melon,melon,16,
1576,compilation,compilation,31,
15772,small-size,small-size,13,
158,MMORPG,mmorpg,736,
1580,hospital,hospital,80,
1583,cga,cga,92,
1585,italian,italian,15,
15869,sacrifices,sacrifices,10,
1587,cow,cow,233,
15874,icecream,icecream,13,
159,Agriculture,agriculture,149,
15919,milf,milf,20,
1593,Gravity,gravity,2169,
1598,mario,mario,563,
16,Horror,horror,17272,
160,Dating Sim,dating-sim,1926,
1605,horse,horse,723,
1606,slave,slave,7,
1609,furniture,furniture,12,
161,Golf,golf,1074,
16105,character-creation,character-creation,6,
1617,gold,gold,208,
1618,jungle,jungle,1170,
16184,5-minute,5-minute,11,
162,Board Game,board-game,1539,
1621,twitch,twitch,277,
1625,collaboration,collaboration,14,
1626,collection,collection,2792,
1627,museum,museum,315,
1628,dressup,dressup,44,
16281,phoenix,phoenix,6,
16289,rpg-adventure,rpg-adventure,9,
1629,arpg,arpg,33,
163,Co-op Campaign,co-op-campaign,87,
1630,charming,charming,13,
1632,cars,cars,4820,
16379,ttrpg,ttrpg,133,
16390,stick-figure,stick-figure,12,
16391,tracks,tracks,11,
164,Cartoony,cartoony,713,
1640,pokemon,pokemon,243,
1642,melee,melee,90,
1647,gms,gms,16,
16471,utility,utility,19,
1648,incremental,incremental,294,
1649,spiritual,spiritual,18,
165,Colorful,colorful,6981,
1650,gxg,gxg,9,
16519,wasd,wasd,13,
1652,night,night,3048,
16530,walls,walls,11,
16534,flappy-bird-clone,flappy-bird-clone,10,
1654,monkey,monkey,406,
1656,mmo,mmo,1069,
16565,germ,germ,8,
166,Stylized,stylized,731,
1660,mechanic,mechanic,16,
1663,bartending,bartending,8,
1665,live-action,live-action,158,
1666,synthwave,synthwave,368,
1668,deer,deer,32,
16687,open,open,10,
167,Futuristic,futuristic,1718,
1670,screensaver,screensaver,122,
1672,high-school,high-school,29,
1676,lion,lion,13,
1677,mother,mother,34,
16777,edm,edm,13,
1678,nostalgic,nostalgic,30,
1679,1GAM,1gam,425,
168,RTS,rts,989,
1682,fencing,fencing,19,
16821,crypto,crypto,22,
16826,brave,brave,8,
1689,vector,vector,780,
169,MOBA,moba,306,
1690,meta-game,meta-game,9,
1692,ggj15,ggj15,51,
1696,dwarves,dwarves,14,
1699,town,town,37,
17,Survival Horror,survival-horror,3238,
170,Competitive,competitive,730,
17000,sdl2,sdl2,14,
1704,girls-love,girls-love,8,
1705,catgirl,catgirl,7,
1706,fuel,fuel,8,
1707,gas,gas,17,
1708,station,station,6,
1709,work,work,5679,
17091,gba,gba,24,
171,PvE,pve,489,
1715,fox,fox,397,
17153,nonsense,nonsense,12,
1716,rabbit,rabbit,407,
17174,justice,justice,9,
17190,minijam,minijam,166,
172,Aliens,aliens,3592,
17232,racket,racket,7,
1724,Superpowers,superpowers,325,
1725,candy,candy,1313,
1726,disney,disney,26,
173,Utilities,utilities,216,
1730,space-ships,space-ships,9,
1731,farm,farm,1273,
1733,harvest,harvest,31,
1736,bug,bug,1356,
1737,fungus,fungus,68,
17388,janitor,janitor,6,
174,Audio Production,audio-production,17,
17403,bill,bill,7,
17405,gladiators,gladiators,6,
1741,stop-motion,stop-motion,61,
1743,collect,collect,5864,
1745,chat,chat,59,
1746,dialogue,dialogue,510,
17472,extracreditsgamejam,extracreditsgamejam,8,
1748,teen,teen,23,
175,Turn-Based Combat,turn-based-combat,1635,
17510,time-waster,time-waster,22,
17515,polska,polska,8,
1752,japanese,japanese,179,
1753,guns,guns,1940,
17532,moss,moss,8,
1755,Chicken,chicken,713,
17560,projectiles,projectiles,7,
1757,trippy,trippy,78,
1758,fusion,fusion,35,
17597,stocks,stocks,7,
176,Turn-Based Tactics,turn-based-tactics,421,
1761,cyoa,cyoa,95,
1762,transformation,transformation,48,
17628,vuforia,vuforia,10,
1767,hidden,hidden,27,
1768,object,object,14,
17685,one-week,one-week,6,
177,Voxel,voxel,1376,
1770,caves,caves,23,
17707,ld72,ld72,7,
1773,magical-realism,magical-realism,11,
1774,spaceship,spaceship,886,
17761,janky,janky,7,
1777,eat,eat,31,
1778,food,food,3149,
17781,my,my,9,
17795,mathematic,mathematic,7,
178,Illuminati,illuminati,217,
17828,12games12weeks,12games12weeks,12,
1783,pizza,pizza,591,
17835,firewall,firewall,7,
1785,melody,melody,6,
1787,mobile,mobile,3088,
1788,metal,metal,617,
1789,communism,communism,20,
179,Cartoon,cartoon,1718,
17900,titanic,titanic,10,
1791,sexy,sexy,146,
1793,ussr,ussr,18,
17945,angry,angry,36,
1796,dungeon,dungeon,1459,
17986,kenney-assets,kenney-assets,6,
18,Co-op,co-op,5848,
180,Base Building,base-building,380,
1803,bouncy,bouncy,26,
1804,ducks,ducks,282,
1806,tiny,tiny,152,
1807,water,water,2700,
18085,goty,goty,9,
18098,gamemakerstoolkit,gamemakerstoolkit,11,
181,Hunting,hunting,563,
18116,ballgame,ballgame,8,
18158,debt,debt,6,
18162,pairs,pairs,18,
18163,songs,songs,11,
18169,irisz,irisz,10,
18172,gecko,gecko,8,
18190,help,help,26,
18192,slot-machine,slot-machine,22,
182,4 Player Local,4-player-local,487,
18262,legacy,legacy,8,
18272,histoire,histoire,6,
18278,overcooked,overcooked,14,
18284,battles,battles,10,
183,Thriller,thriller,664,
18307,reptile,reptile,7,
18309,contamination,contamination,6,
18311,mythos,mythos,8,
18323,yang,yang,6,
18340,ufos,ufos,6,
18341,onegameaweek,onegameaweek,8,
18344,pixi,pixi,8,
18345,pixijs,pixijs,13,
18351,smasher,smasher,6,
18353,again,again,6,
18354,annoying,annoying,28,
18355,not,not,12,
18394,breakout-clone,breakout-clone,6,
18396,vaccine,vaccine,6,
184,Mechs,mechs,582,
18413,goldsmiths,goldsmiths,6,
1842,mental-health,mental-health,66,
18426,enemy,enemy,354,
18431,trouble,trouble,6,
1846,samurai,samurai,373,
1848,investigate,investigate,7,
18480,centipede,centipede,7,
185,Swordplay,swordplay,130,
18507,plattformer,plattformer,7,
18508,mixing,mixing,6,
1851,russian-roulette,russian-roulette,6,
18556,puppies,puppies,6,
18567,hot-dog,hot-dog,8,
18575,bass,bass,6,
1858,ikea,ikea,8,
18595,live,live,9,
186,Ninja,ninja,1439,
1863,challenge,challenge,10551,
1864,spells,spells,88,
18653,chile,chile,18,
18664,avalanche,avalanche,7,
1867,puzzles,puzzles,6992,
18681,no-graphics,no-graphics,6,
18684,cocktail,cocktail,7,
187,Demons,demons,782,
1870,web,web,297,
1871,f2p,f2p,25,
18711,gif,gif,7,
18726,bunker,bunker,7,
1876,drugs,drugs,145,
188,Parkour,parkour,1141,
1881,surrealism,surrealism,9,
18856,feedback,feedback,8,
1886,heart,heart,70,
1887,moon,moon,777,
1889,fish,fish,959,
18890,grey,grey,10,
18891,70s,70s,15,
189,Female Protagonist,female-protagonist,4785,
1890,kaiju,kaiju,47,
18911,nokia-3310,nokia-3310,16,
18918,differences,differences,6,
1894,Zero Gravity,zero-gravity,178,
1895,brutalism,brutalism,12,
1896,plane,plane,1204,
1897,fire,fire,4300,
18998,yahtzee,yahtzee,17,
190,Soccer,soccer,1349,
1900,choose-your-own-adventure,choose-your-own-adventure-2,67,
19020,downloadable,downloadable,9,
19033,size,size,6,
1904,languages,languages,12,
1906,bullet,bullet,40,
19069,nest,nest,7,
19085,chainsaw,chainsaw,10,
1909,cool,cool,232,
19096,coloring,coloring,20,
191,Football,football,1466,
19103,shake,shake,11,
1911,bus,bus,36,
19135,red-panda,red-panda,8,
1914,ps1,ps1,86,
1915,dead,dead,44,
1916,memories,memories,36,
19161,sustainability,sustainability,8,
1917,only,only,7,
19172,crows,crows,7,
19188,sounds,sounds,16,
192,Mature,mature,718,
1921,Horrible,horrible,377,
19225,puzzle-games,puzzle-games,10,
1923,pong,pong,1000,
1925,baby,baby,1161,
19263,cellphone,cellphone,6,
1928,emoji,emoji,181,
193,Classic,classic,1512,
1931,cpu,cpu,8,
19318,zigzag,zigzag,20,
1936,door,door,21,
19399,singapore,singapore,12,
194,Real-Time with Pause,real-time-with-pause,145,
19404,unique-game,unique-game,9,
19410,bro,bro,6,
1942,warp,warp,11,
1943,boxing,boxing,197,
19437,bernie,bernie,6,
195,Economy,economy,971,
1951,Instrument,instrument,277,
19525,word-search,word-search,12,
19534,furries,furries,10,
19538,entertainment,entertainment,17,
1955,landscape,landscape,44,
1957,weather,weather,33,
196,Procedural Generation,procedural-generation,3533,
19622,outer-space,outer-space,7,
1964,reflex,reflex,236,
1965,duck,duck,577,
1967,kinect,kinect,47,
1968,nintendo,nintendo,101,
19688,spring,spring,29,
197,Robots,robots,4493,
1970,tojam,tojam,169,
1971,early-access,early-access-2,79,
19728,european,european,11,
1974,vote,vote,8,
19765,trailer,trailer,8,
19794,lynx,lynx,9,
198,Split Screen,split-screen,3714,
1981,beer,beer,231,
1982,orc,orc,25,
1984,homebrew,homebrew,127,
1986,ice,ice,1722,
199,Sniper,sniper,1375,
1992,game-boy,game-boy-2,18,
1993,genetics,genetics,19,
1994,tap,tap,6804,
19944,strategy-game,strategy-game,9,
19958,safety,safety,10,
1996,biology,biology,63,
1997,david-lynch,david-lynch,6,
19971,gamer,gamer,16,
1998,immersive-sim,immersive-sim,11,
19989,inde,inde,8,
200,Narration,narration,358,
2000,generative,generative,26,
20007,mind-game,mind-game,8,
2001,cyber,cyber,37,
2002,motorcycle,motorcycle,30,
20033,roll-a-ball,roll-a-ball,19,
20047,lifestyle,lifestyle,135,
20056,predator,predator,7,
2006,castle,castle,1123,
20074,tricky,tricky,11,
2008,slime,slime,671,
20099,c-sharp,c-sharp,9,
201,Twin Stick Shooter,twin-stick-shooter,1442,
2010,particles,particles,46,
2016,4-player,4-player,72,
202,Artificial Intelligence,artificial-intelligence,113,
2020,crab,crab,89,
2022,wave,wave,403,
20255,old-game,old-game,7,
2026,nuclear-throne,nuclear-throne,9,
20273,kawai,kawai,7,
203,Beat 'em up,beat-em-up,1431,
2030,city,city,7170,
20316,space-opera,space-opera,6,
2037,makeup,makeup,12,
20378,answer,answer,6,
2039,cryptocurrency,cryptocurrency,11,
204,Gothic,gothic,337,
2040,tf2,tf2,13,
20400,whgj,whgj,16,
20409,zombie-shooter,zombie-shooter,13,
2041,beauty,beauty,19,
2043,park,park,18,
20458,ambulance,ambulance,7,
20459,emergency,emergency,7,
205,Lore-Rich,lore-rich,111,
2050,berlin,berlin,19,
20509,ddr,ddr,7,
20532,burning,burning,8,
2054,trump,trump,329,
20549,jewish,jewish,8,
20553,fridge,fridge,10,
20559,tg,tg,7,
20574,epicmegajam,epicmegajam,9,
2058,student-game,student-game,42,
206,Party-Based RPG,party-based-rpg,180,
2062,sun,sun,111,
20629,alt-ctrl,alt-ctrl,6,
20647,koala,koala,13,
2066,bdsm,bdsm,24,
207,Rhythm,rhythm,1050,
20726,trilogy,trilogy,8,
2074,desert,desert,1242,
2075,sound,sound,7013,
208,Alternate History,alternate-history,693,
2080,action-puzzle,action-puzzle,35,
2082,Male protagonist,male-protagonist,288,
20866,extra,extra,7,
2088,couch,couch,81,
209,Drama,drama,742,
2092,rogue,rogue,37,
210,Real-Time,real-time,825,
2100,violence,violence,28,
2102,awkward,awkward,14,
2104,dating,dating,48,
2107,two-players,two-players-2,51,
21083,yorkshire,yorkshire,9,
2109,memoir,memoir,116,
211,Diplomacy,diplomacy,53,
2110,novel,novel,38,
2114,psychological-horror,psychological-horror-2,26,
2118,snow,snow,630,
21186,real-world,real-world,7,
2119,heroes,heroes,29,
212,4X,4x,298,
2123,romantic,romantic,15,
2125,ccg,ccg,64,
2128,emotion,emotion,34,
2129,interactive,interactive,334,
213,City Builder,city-builder,953,
2130,flatgame,flatgame,104,
21364,side-view,side-view,14,
21388,1930s,1930s,7,
214,God Game,god-game,97,
21400,lightsaber,lightsaber,6,
21420,scrolling-shooter,scrolling-shooter,11,
215,Dragons,dragons,1542,
2156,drift,drift,1118,
216,Heist,heist,206,
2161,extreme,extreme,34,
2166,ultima,ultima,10,
21661,pro,pro,8,
2168,racer,racer,1185,
217,Romance,romance,2851,
2170,indiecade,indiecade,21,
2171,indiecade-2017,indiecade-2017,10,
21721,teaching,teaching,9,
2173,cave,cave,294,
21738,time-manipulation,time-manipulation-2,9,
2177,shapes,shapes,1129,
2178,summon,summon,9,
21790,wgj,wgj,67,
218,Multiple Endings,multiple-endings,2503,
2180,spider,spider,687,
21800,sing,sing,14,
2181,stars,stars,143,
2182,asymmetric,asymmetric,30,
2184,hunt,hunt,1889,
2186,first-person-shooter,first-person-shooter,38,
219,Politics,politics,358,
2190,PROCJAM,procjam,347,
2191,alien,alien,878,
2192,kiss,kiss,15,
2197,submarine,submarine,310,
220,Experimental,experimental,5711,
2202,tree,tree,605,
2204,alt,alt,6,
2207,reading,reading,13,
2209,ghost,ghost,886,
22099,shader,shader,25,
221,Music-Based Procedural Generation,music-based-procedural-generation,63,
2210,haunted,haunted,58,
2211,thief,thief,110,
22120,active,active,14,
22121,slice,slice,12,
22148,kids-games,kids-games,12,
2215,happy,happy,93,
2216,home,home,116,
222,Choose Your Own Adventure,choose-your-own-adventure,415,
2222,ice-cream,ice-cream,36,
2225,birds,birds,1132,
2228,Art Book,art-book,101,
22294,brain-game,brain-game,15,
223,Photo Editing,photo-editing,29,
2232,journey,journey,268,
22353,ketchup,ketchup,9,
22374,decoration,decoration,6,
2238,track,track,17,
22381,steak,steak,6,
22382,what,what,12,
224,1980s,1980s,560,
2242,endless-runner,endless-runner,280,
2246,fashion,fashion,49,
225,Typing,typing,724,
2252,literature,literature,30,
2253,mega-man,mega-man,23,
2257,evn,evn,12,
2258,idle-game,idle-game,54,
2259,artistic,artistic,29,
226,Cyberpunk,cyberpunk,1998,
2262,platforming,platforming,26,
2265,desktop,desktop,35,
2266,pet,pet,798,
2267,pets,pets,45,
22681,logic-game,logic-game,9,
2269,animal,animal,1003,
227,Hacking,hacking,537,
2277,code,code,39,
2278,running,running,143,
2279,panic,panic,24,
22796,formula-1,formula-1,6,
228,Programming,programming,761,
2282,italy,italy,11,
2284,1vs1,1vs1,27,
2285,environmental,environmental,26,
2286,tower,tower,1685,
2289,plants-vs-zombies,plants-vs-zombies,10,
229,3D Platformer,3d-platformer,4168,
2290,monument-valley,monument-valley,7,
2295,snes,snes-2,49,
2297,potato,potato,149,
22970,holes,holes,43,
23,Mini Golf,mini-golf,29,
230,Tactical RPG,tactical-rpg,549,
2303,camp,camp,15,
2307,java,java,268,
2309,hexagon,hexagon,60,
231,Strategy RPG,strategy-rpg,824,
2311,pc,pc,408,
23146,politica,politica,6,
232,Episodic,episodic,324,
2320,astronaut,astronaut,150,
2324,madewithunity,madewithunity,62,
23259,pathfinding,pathfinding,14,
2326,explore,explore,2379,
2327,blob,blob,41,
233,JRPG,jrpg,1751,
23345,gimp,gimp,13,
23367,malaysia,malaysia,11,
2339,rpg-horror,rpg-horror,16,
234,Superhero,superhero,750,
23421,latest,latest,6,
2347,domination,domination,14,
23489,follow,follow,6,
235,Trading Card Game,trading-card-game,116,
2350,world,world,79,
2352,airplane,airplane,614,
2358,tale,tale,10,
2359,interactive-narrative,interactive-narrative,10,
236,Top-Down Shooter,top-down-shooter,473,
23614,farwest,farwest,9,
2362,danmaku,danmaku,86,
2363,pacman,pacman,193,
2367,reflection,reflection,23,
2368,fnaf,fnaf,231,
23691,algorithm,algorithm,6,
237,Dark Comedy,dark-comedy,146,
2371,rom,rom,79,
2373,text,text,1297,
23732,aa,aa,6,
23733,hyperlink,hyperlink,8,
2375,1bit,1bit,52,
2376,downwell,downwell,7,
238,CRPG,crpg,166,
2384,rock,rock,1167,
239,6DOF,6dof,133,
2398,colony,colony,16,
2399,2-bit,2-bit,22,
24,RPG,rpg,10490,
240,Martial Arts,martial-arts,69,
2403,base-building,base-building-2,19,
2404,geography,geography,17,
2405,planets,planets,905,
2406,dance,dance,839,
24064,supergeeks,supergeeks,289,
24098,ball-games,ball-games,8,
241,Space Sim,space-sim,849,
2410,ia,ia,8,
24108,platformer-game,platformer-game,6,
24110,shor,shor,6,
2413,blind,blind,215,
2418,onegameamonth,onegameamonth,8,
2419,jumpscares,jumpscares,7,
24200,circular,circular,6,
24211,donate,donate,9,
2423,expansion,expansion,6,
24262,baloon,baloon,7,
2428,clash,clash,25,
24291,candle,candle,7,
243,1990's,1990s,284,
24300,lahs,lahs,8,
2439,wtf,wtf,62,
244,Mod,mod,367,
2441,puppet,puppet,24,
24419,baldi-mod,baldi-mod,9,
2443,puzzle-game,puzzle-game,73,
24430,spot,spot,6,
24438,plat,plat,20,
2444,monochromatic,monochromatic,21,
24444,tiki,tiki,8,
2445,people,people,30,
2446,overhead,overhead,13,
24484,p5,p5,12,
245,Trading,trading,562,
2450,reddit,reddit,23,
2452,social-commentary,social-commentary,9,
2454,twitter,twitter,31,
2455,warrior,warrior,44,
2456,run-and-gun,run-and-gun,33,
246,Clicker,clicker,2815,
2460,sunset,sunset,11,
24662,scarecrow,scarecrow,8,
2467,film-noir,film-noir,10,
2468,paranormal,paranormal,25,
247,Real Time Tactics,real-time-tactics,196,
2470,danganronpa,danganronpa,26,
2471,cafe,cafe,36,
2472,tea,tea,24,
2473,kart,kart,42,
2474,bomb,bomb,1272,
24768,bendy,bendy,10,
2477,electronics,electronics,6,
24788,succubus,succubus,7,
2479,cowboy,cowboy,287,
248,Lemmings,lemmings,52,
2480,spy,spy,341,
2481,identity,identity,15,
24828,rj,rj,8,
2489,dodge,dodge,2016,
249,Asynchronous Multiplayer,asynchronous-multiplayer,58,
2491,motorbike,motorbike,55,
2493,bombs,bombs,135,
24936,pubg,pubg,10,
2496,minecraft,minecraft,408,
24982,adv,adv,10,
2499,survivor,survivor,10,
25,Space,space,22514,
250,Underwater,underwater,1006,
25002,steam-vr,steam-vr,58,
25029,br,br,8,
2504,occult,occult,49,
2507,orcs,orcs,23,
25082,shitpost,shitpost,25,
2509,Leap Motion,leap-motion,283,
251,Cold War,cold-war,78,
2510,star-wars,star-wars-2,63,
2512,clouds,clouds,43,
252,Mouse only,mouse-only,2796,
2523,browser-game,browser-game,25,
2528,brain,brain,3313,
2529,hacker,hacker,72,
253,Chess,chess,1110,
2533,skiing,skiing,40,
2537,rats,rats,53,
254,Spectacle fighter,spectacle-fighter,87,
2546,ships,ships,1177,
2548,ggj18,ggj18,131,
255,Pirates,pirates,1219,
2552,monochrome,monochrome,115,
2553,sitting-simulator,sitting-simulator,174,
2554,terraria,terraria,16,
2556,adventure-game,adventure-game,39,
256,Naval,naval,145,
25610,against-the-clock,against-the-clock,6,
2562,social-deduction,social-deduction,9,
2563,character-driven,character-driven,8,
2566,drinking,drinking,32,
2568,amaze,amaze,11,
257,Sailing,sailing,163,
2574,captain,captain,17,
2576,leftist,leftist,12,
2578,polish,polish,10,
258,Hand-drawn,hand-drawn,2075,
2587,nice,nice,49,
259,Metroidvania,metroidvania,1825,
2590,fun,fun,23349,
2591,jump,jump,217,
2593,camera,camera,58,
25948,fr,fr,19,
2595,click,click,5408,
2597,dev,dev,25,
26,Gore,gore,3441,
260,GameMaker,gamemaker,5433,
2600,classroom,classroom,13,
26003,schoolproject,schoolproject,7,
2606,mansion,mansion,31,
261,Software Training,software-training,53,
2612,TIC-80,tic-80,212,
2613,bunny,bunny,352,
262,Capitalism,capitalism,108,
2620,table-top,table-top,10,
2621,rpg-maker-vx-ace,rpg-maker-vx-ace,16,
2625,loli,loli,9,
2629,mine,mine,809,
263,Mars,mars,427,
2631,cat,cat,1474,
2632,markiplier,markiplier,16,
2635,youtuber,youtuber,12,
264,Pool,pool,85,
2646,audio,audio,141,
265,Class-Based,class-based,72,
2654,fruit,fruit,993,
2655,giraffe,giraffe,13,
2657,boat,boat,715,
2659,dwarf-fortress,dwarf-fortress,6,
266,Level Editor,level-editor,725,
2663,terminal,terminal,116,
2664,prototype,prototype,2843,
267,Web Publishing,web-publishing,32,
2673,electronic,electronic,26,
2674,swinging,swinging,19,
2675,outrun,outrun,39,
268,Comic Book,comic-book,154,
2680,child,child,123,
2682,strange,strange,235,
2684,nebula,nebula,6,
26844,fruit-ninja,fruit-ninja,8,
2685,greek,greek,96,
2689,rocket,rocket,1224,
269,Quick-Time Events,quick-time-events,86,
2690,space-station,space-station,14,
2693,fonts,fonts,29,
2695,apocalyptic,apocalyptic,9,
2696,end-of-the-world,end-of-the-world,10,
27,Warhammer 40K,warhammer-40k,49,
270,Blood,blood,1345,
2704,graphic-adventure,graphic-adventure,24,
2705,accessible,accessible,35,
271,Remake,remake,958,
2713,social,social,77,
272,Inventory Management,inventory-management,113,
2720,exhibition,exhibition,28,
2722,virtual,virtual,27,
2723,trees,trees,156,
2724,trivia,trivia,339,
2726,mission,mission,13,
273,Parody,parody,1249,
2731,giant,giant,36,
2735,temple,temple,48,
2739,hidden-object,hidden-object-2,82,
274,Gun Customization,gun-customization,73,
2740,illustration,illustration,25,
27409,nitro,nitro,10,
2743,dash,dash,1329,
27439,misterio,misterio,7,
2744,mask,mask,22,
2747,insects,insects,49,
2748,hats,hats,22,
2749,in-development,in-development-2,39,
275,Movie,movie,788,
2751,development,development,34,
2755,shakespeare,shakespeare,33,
2756,theatre,theatre,23,
2759,autobiographical,autobiographical,30,
276,Hardware,hardware,10,
2760,syria,syria,8,
27667,protoss,protoss,13,
277,Villain Protagonist,villain-protagonist,68,
2770,ios,ios,162,
2774,learn,learn,272,
2778,cold-war,cold-war-2,19,
2779,soviet,soviet,25,
278,Assassin,assassin,501,
2782,scp-foundation,scp-foundation,6,
2784,labyrinth,labyrinth,278,
2788,hiking,hiking,7,
2789,best,best,118,
279,Supernatural,supernatural,604,
2791,king,king,77,
2792,fifa,fifa,10,
2795,language,language,77,
2799,blue,blue,904,
280,Time Attack,time-attack,965,
28026,ada,ada,6,
2803,rage-game,rage-game,43,
2809,skins,skins,21,
281,Philisophical,philisophical,38,
282,Tutorial,tutorial,483,
2820,dota,dota,13,
2822,dig,dig,38,
28220,japanese-style,japanese-style,6,
283,Based On A Novel,based-on-a-novel,34,
2835,word,word,1715,
2836,tactic,tactic,9,
2837,aircraft,aircraft,45,
2838,jet,jet,44,
28394,goalkeeper,goalkeeper,7,
284,Cult Classic,cult-classic,662,
2840,model,model,11,
2842,sim,sim,684,
285,Psychological,psychological,377,
2857,construction,construction,62,
2858,agario,agario,12,
286,Psychedelic,psychedelic,653,
2860,warcraft,warcraft,11,
2861,wow,wow,18,
2863,darkness,darkness,101,
2864,midnight,midnight,15,
2865,girl,girl,1521,
287,Political,political,282,
2873,ant,ant,32,
2875,minimalism,minimalism,26,
2876,square,square,973,
2879,esports,esports,74,
288,Interactive Fiction,interactive-fiction,374,
2880,panda,panda,57,
2882,plant,plant,185,
2888,hack,hack,45,
2889,balance,balance,1250,
289,Noir,noir,529,
2894,score,score,99,
2896,collectathon,collectathon,115,
29,Games Workshop,games-workshop,66,
290,FMV,fmv,193,
2900,funky,funky,22,
2902,vegan,vegan,12,
2905,decay,decay,10,
2906,police,police,1507,
291,Conspiracy,conspiracy,251,
2910,mystic-western,mystic-western,10,
2917,tile,tile,41,
292,Rome,rome,60,
293,Otome,otome,678,
2931,myst,myst,24,
2933,flowers,flowers,743,
2938,meditative,meditative,60,
294,Gambling,gambling,141,
2940,fortnite,fortnite,26,
2942,trainer,trainer,17,
2943,cellular-automata,cellular-automata,25,
2944,robotron,robotron,12,
29471,badgame,badgame,6,
2948,infinite-runner,infinite-runner,2763,
2949,flow,flow,32,
295,Soundtrack,soundtrack,1911,
2952,mind,mind,34,
29555,protoype,protoype,7,
2957,psychic,psychic,18,
296,Benchmark,benchmark,25,
2960,alpha,alpha,457,
2967,kinetic,kinetic,8,
29693,ragdolls,ragdolls,6,
297,LEGO,lego,59,
2975,clickteam,clickteam,137,
298,Grid-Based Movement,grid-based-movement,109,
2985,british,british,11,
2986,skull,skull,30,
2987,spoof,spoof,12,
2988,digital,digital,33,
2989,peace,peace,22,
299,Match 3,match-3,257,
30,FPS,fps,6113,
300,Vampire,vampire,655,
30023,ethereum,ethereum,6,
30084,movie-based,movie-based,6,
301,Transhumanism,transhumanism,34,
3012,roomba,roomba,17,
3015,low-res,low-res,36,
3019,kenney,kenney,115,
302,Time Manipulation,time-manipulation,94,
3023,axe,axe,22,
303,Text-Based,text-based,349,
3034,tropical,tropical,23,
30358,atv,atv,10,
3037,2017,tag-7,44,
3038,marble,marble,70,
30389,indy,indy,10,
3039,tilt,tilt,18,
304,Character Action Game,character-action-game,235,
3046,destroy,destroy,3412,
3048,pig,pig,330,
305,Linear,linear,349,
3053,jigsaw,jigsaw,65,
3059,power,power,56,
306,Lara Croft,lara-croft,14,
3060,reactor,reactor,6,
3062,journalism,journalism,9,
3063,storytelling,storytelling,32,
3064,poetry,poetry,208,
3066,synth,synth,27,
3067,caveman,caveman,30,
3068,future,future,2109,
307,Gaming,gaming,109,
30702,indie-developer,indie-developer,7,
3071,prehistoric,prehistoric,34,
3075,coins,coins,4248,
3076,rush,rush,47,
3078,magical,magical,20,
308,Bullet Time,bullet-time,115,
3081,coding,coding,46,
3083,tcg,tcg,32,
3084,law,law,11,
309,Dynamic Narration,dynamic-narration,62,
3090,industrial,industrial,21,
30932,terrorism,terrorism,6,
30940,shooter-game,shooter-game,6,
31,Singleplayer,singleplayer,91907,
310,Runner,runner,5124,
3103,evil,evil,950,
3105,girlfriend,girlfriend,6,
3109,weapons,weapons,389,
311,Underground,underground,100,
3111,paint,paint,1237,
3114,necromancer,necromancer,22,
3115,paladin,paladin,6,
3116,fast,fast,1727,
3117,shoot,shoot,6461,
312,NSFW,nsfw,431,
3125,movies,movies,19,
3129,kitchen,kitchen,40,
313,Wrestling,wrestling,141,
3138,monster-girls,monster-girls,17,
314,World War I,world-war-i,126,
3142,collaborative,collaborative,22,
3148,platform-fighter,platform-fighter,14,
315,Werewolves,werewolves,38,
3150,easy,easy,664,
3151,goofy,goofy,25,
3157,suicide,suicide,59,
3159,my-little-pony,my-little-pony,12,
316,Mining,mining,466,
317,Time Travel,time-travel,906,
3170,jetpack,jetpack,352,
3173,clones,clones,12,
3178,tunnel,tunnel,26,
3179,kart-racing,kart-racing,7,
318,Star Wars,star-wars,51,
31809,burnout,burnout,7,
3187,break,break,40,
3189,color,color,4902,
319,Silent Protagonist,silent-protagonist,60,
3191,pollution,pollution,19,
31921,1-hour,1-hour,6,
3194,platforms,platforms,16,
3197,photography,photography,126,
3198,protest,protest,20,
32,Sci-fi,sci-fi,8255,
320,Sokoban,sokoban,469,
3202,alice,alice,18,
321,Bowling,bowling,79,
3219,tricks,tricks,10,
322,Basketball,basketball,783,
3220,minesweeper,minesweeper,225,
3223,gamebook,gamebook,28,
3228,mummy,mummy,17,
323,Word Game,word-game,348,
3231,ggj17,ggj17,168,
3233,infection,infection,32,
3236,ecosystem,ecosystem,21,
324,Experience,experience,197,
3240,zachlike,zachlike,14,
3243,butterfly,butterfly,22,
3244,helicopter,helicopter,728,
325,Foreign,foreign,17,
3256,and,and,25,
326,Investigation,investigation,509,
3263,dancing,dancing,49,
3266,free-to-play,free-to-play-2,36,
327,Voice Control,voice-control,10,
3278,rally,rally,32,
328,Batman,batman,31,
3282,oregon-trail,oregon-trail,13,
3289,timer,timer,83,
329,Mystery Dungeon,mystery-dungeon,70,
3293,cliff,cliff,7,
3295,agdg,agdg,75,
3298,troll,troll,39,
3299,castellano,castellano,8,
33,VR,vr,7718,
330,Spelling,spelling,52,
3301,chase,chase,132,
3306,absurd,absurd,47,
331,Documentary,documentary,23,
3313,bank,bank,17,
3314,time,time,174,
3315,match3,match3,142,
3316,cyberpunkjam,cyberpunkjam,46,
3319,solitaire,solitaire,1529,
332,Intentionally Awkward Controls,intentionally-awkward-controls,18,
3321,portuguese,portuguese,28,
3322,app,app,335,
3324,ggj16,ggj16,94,
333,Steam Machine,steam-machine,12,
3330,mistery,mistery,32,
3333,comic-book,comic-book-2,10,
3339,crow,crow,8,
334,achievements,achievements,4615,
3341,piano,piano,81,
3344,pdf,pdf,13,
3345,dino,dino,44,
3346,cardboard,cardboard,408,
3348,palette,palette,7,
3352,enigma,enigma,24,
3354,riddle,riddle,56,
3359,narrative-game,narrative-game,14,
336,controller support,controller-support,292,
3360,marvel,marvel,19,
3367,commodore64,commodore64,14,
33670,american-football,american-football,9,
337,overlay,overlay,194,
3377,ping-pong,ping-pong,46,
3378,magical-girl,magical-girl,41,
338,cloud saves,cloud-saves,38,
3381,minimalistic,minimalistic,27,
3383,dungeons,dungeons,23,
33833,inkjam,inkjam,9,
3388,waves,waves,1263,
33884,parry,parry,8,
3394,germany,germany,10,
3396,limbo,limbo,19,
3397,light,light,1178,
3398,odd,odd,16,
34,Violent,violent,4038,
340,in development,in-development,22,
3401,loss,loss,18,
341,leaderboards,leaderboards,44,
34172,royale,royale,20,
34192,brackeys-jam,brackeys-jam,13,
342,Conversation,conversation,358,
3420,doctor,doctor,39,
343,Bikes,bikes,16,
3430,swimming,swimming,27,
3431,zelda-like,zelda-like,33,
3433,sand,sand,17,
3439,selfie,selfie,14,
344,Cycling,cycling,21,
3442,five-nights-at-freddys,five-nights-at-freddys,21,
3449,ride,ride,13,
3451,perspective,perspective,91,
3455,arena-shooter,arena-shooter-2,37,
3456,twin-stick,twin-stick,28,
3459,cinema,cinema,19,
3465,space-shooter,space-shooter,162,
3467,augmented-reality,augmented-reality,113,
34681,jimjam2,jimjam2,12,
3469,egg,egg,610,
3470,leap,leap,10,
3471,oculus,oculus,77,
34741,flicksy,flicksy,19,
348,alternating turns,alternating-turns,65,
3493,plug-in-digital,plug-in-digital,6,
3495,adventure-game-studio,adventure-game-studio,11,
3496,ags,ags,21,
3497,hunter,hunter,43,
350,simultaneous,simultaneous,16,
3501,harem,harem,21,
3502,kemonomimi,kemonomimi,9,
351,Two-player,two-player,218,
3515,drones,drones,31,
35162,Battle Royale,battle-royale-2,86,
3517,sgj17,sgj17,6,
3519,stranger-things,stranger-things,11,
3532,otter,otter,10,
35348,sex-game,sex-game,6,
354,alternating,alternating,6,
3541,zoo,zoo,28,
35446,scout,scout,6,
3553,yokai,yokai,13,
3554,binaural,binaural,81,
3555,fan-made,fan-made,12,
3561,magical-girls,magical-girls,9,
3564,pretty,pretty,19,
357,One-Player,one-player,13,
3570,big,big,25,
3571,hook,hook,34,
35718,wgjbr,wgjbr,23,
3574,laser,laser,888,
3578,memory-game,memory-game,24,
3597,tablet,tablet,1553,
36,Open World,open-world,3079,
3602,assets,assets,755,
3603,corona,corona,137,
3604,skateboard,skateboard,52,
3606,poker,poker,86,
3612,match,match,5275,
36136,weight-gain,weight-gain,17,
3614,number,number,66,
3615,pop,pop,122,
36167,tweetcart,tweetcart,25,
3618,climate-change,climate-change,43,
3620,2048,tag-9,97,
36206,racing-cars,racing-cars,6,
3621,map,map,45,
3622,astronomy,astronomy,16,
3625,childhood,childhood,34,
3626,treasure,treasure,1367,
3631,folk,folk,15,
36325,2019,tag-145,100,
3634,oriental,oriental,7,
3635,god-game,god-game-2,42,
3638,caterpillar,caterpillar,10,
3639,colour,colour,49,
3640,remember,remember,13,
36466,Ludum Dare 43,ludum-dare-43,1420,
3647,battle-simulator,battle-simulator,8,
365,Two Players,two-players,19,
3654,lasers,lasers,569,
3656,poetic,poetic,23,
3657,architecture,architecture,44,
3658,connect4,connect4,7,
3664,jojo,jojo,37,
36668,strand,strand,7,
36673,gdevelop5,gdevelop5,9,
3674,gauntlet,gauntlet,15,
3677,hat,hat,30,
36788,phaser-3,phaser-3,10,
3680,defense,defense,1842,
36801,lucasarts,lucasarts,6,
3681,bounce,bounce,1025,
3687,film,film,27,
3689,crack,crack,7,
3699,crane,crane,15,
37,Sandbox,sandbox,2896,
37077,3dcg,3dcg,21,
3709,grid,grid,539,
3710,books,books,18,
3719,casino,casino,1088,
3720,numbers,numbers,1843,
3721,sudoku,sudoku,422,
3725,word-game,word-game-2,34,
3728,memory,memory,2448,
3729,choices,choices,37,
3731,role-playing-game,role-playing-game-2,30,
3736,american,american,14,
3737,arrow,arrow,40,
3741,killer,killer,33,
37438,trijam,trijam,259,
3748,terror,terror,513,
3754,werewolf,werewolf,75,
3755,128k,128k,10,
3758,speed,speed,6369,
3762,norway,norway,47,
37636,nonbinary,nonbinary,15,
37670,ggj19,ggj19,151,
3768,demon,demon,497,
3774,amnesia,amnesia,17,
3776,lab,lab,37,
3779,hamburger,hamburger,14,
37796,exclusive,exclusive,4453,
37797,true exclusive,true-exclusive,3979,
378,One player,one-player-2,19,
3780,crowd,crowd,22,
3782,aquarium,aquarium,38,
3785,restaurant,restaurant,43,
3786,sacrifice,sacrifice,188,
3787,goats,goats,17,
379,One,one,33,
37995,fixed camera,fixed-camera-2,6,
37996,tank controls,tank-controls,6,
3803,boss,boss,1926,
3810,india,india,15,
3813,spell,spell,31,
3815,sport,sport,52,
3818,comic-style,comic-style,6,
3821,feminist,feminist,14,
3824,Breakout,breakout,734,
3825,diamonds,diamonds,11,
383,hotseat,hotseat,44,
3837,duplicade,duplicade,26,
3845,kill,kill,49,
38456,brackeys-gamejam,brackeys-gamejam,9,
3847,arg,arg,29,
38477,platformers,platformers,7,
385,Multiplayer online,multiplayer-online,9,
38562,bbw,bbw,7,
3865,wind,wind,40,
38661,Kung Fu,kung-fu-2,33,
3868,old,old,112,
3875,man,man,39,
38844,looter shooter,looter-shooter,41,
3885,stacking,stacking,26,
3886,1-button,1-button,18,
3887,lantern,lantern,8,
38873,reve,reve,6,
3888,woods,woods,30,
3890,hair,hair,17,
3892,reaction,reaction,956,
3893,teleport,teleport,38,
39,Building,building,2805,
3904,vietnam,vietnam,11,
3907,lofi,lofi,22,
3908,trashgame,trashgame,55,
3913,stickman,stickman,440,
3916,kobold,kobold,10,
3919,grim,grim,6,
39195,chibi-style,chibi-style,39,
3920,mysterious,mysterious,15,
39203,8x8,8x8,8,
3928,pikmin,pikmin,9,
3931,keys,keys,17,
3932,orbs,orbs,9,
3938,competative,competative,8,
39400,clinical-tools,clinical-tools,12,
39402,health-impact-studio,health-impact-studio,12,
39403,medical-education,medical-education,10,
3942,rage,rage,723,
3945,minigolf,minigolf,35,
39457,360 Video,360-video-2,14,
3948,dual-stick,dual-stick,7,
3950,lunar,lunar,29,
3953,words,words,1593,
39566,mods,mods,9,
3958,performance,performance,14,
396,Mutliplayer,mutliplayer,7,
39691,flowlab,flowlab,6,
397,Online multiplayer,online-multiplayer,3792,
3970,pigeon,pigeon,30,
398,1-player,1-player,20,
39838,gbstudio,gbstudio,116,
3984,swiss,swiss,6,
3988,top,top,171,
3990,match-3,match-3-2,187,
3991,match-three,match-three,41,
3992,clone,clone,575,
3993,pt,pt,17,
3994,silent-hill,silent-hill,21,
39945,ludum-dare-44,ludum-dare-44,297,
3995,socialist,socialist,8,
4,Funny,funny,10637,
40,Dark Fantasy,dark-fantasy,1236,
400,Up to 4 players simultaneously,up-to-4-players-simultaneously,8,
40031,Ludum Dare 44,ludum-dare-44-2,1292,
402,Training,training,1443,
4021,mono,mono,9,
4027,travel,travel,49,
40311,pixel-art-game,pixel-art-game,11,
4038,sinclair,sinclair,81,
4040,bisexual,bisexual,14,
40404,incest,incest,7,
4056,growth,growth,39,
406,Story,story,7525,
4062,language-learning,language-learning,13,
4064,alakajam,alakajam,132,
4068,quiz,quiz,535,
40710,baddy,baddy,7,
4072,coin,coin,125,
4073,Dice,dice,954,
40832,Cross-Platform Multiplayer,cross-platform-multiplayer,1561,
40833,Captions available,captions-available,1007,
40834,Commentary available,commentary-available,213,
40836,Full controller support,full-controller-support,9355,
40837,In-App Purchases,in-app-purchases,1175,
40838,Includes level editor,includes-level-editor,1293,
40839,Includes Source SDK,includes-source-sdk,52,
40845,Partial Controller Support,partial-controller-support,6754,
40847,Steam Achievements,steam-achievements,19856,
40849,Steam Cloud,steam-cloud,9264,
40850,Steam Leaderboards,steam-leaderboards,4377,
40851,Steam Turn Notifications,steam-turn-notifications,99,
40852,Steam Workshop,steam-workshop,1039,
40856,Valve Anti-Cheat enabled,valve-anti-cheat-enabled,105,
40858,Other,other,265,
40862,Life Training,life-training,26,
40875,Kids/Family,kidsfamily,9,
40877,Miscellaneous,miscellaneous,7,
40878,Import,import,22,
40879,Mental Training,mental-training,7,
40909,SteamVR Collectibles,steamvr-collectibles,44,
40932,AR support,ar-support,7,
40933,Practical,practical,11,
40937,Steam Trading Cards,steam-trading-cards-2,164,
40938,VR Support,vr-support-2,9,
41,Dark,dark,5934,
4100,logic-puzzle,logic-puzzle,11,
4106,questions,questions,26,
4107,auto-runner,auto-runner,10,
411,cooperative,cooperative,2497,
4111,meditation,meditation,177,
41133,dragonruby,dragonruby,35,
41151,jammie,jammie,14,
4116,horror-games,horror-games,20,
412,deathmatch,deathmatch,627,
4120,commando,commando,11,
4125,galactic,galactic,24,
413,online,online,5198,
4130,collectible,collectible,13,
4132,wizard,wizard,614,
4144,craft,craft,25,
4157,fishy,fishy,6,
4158,Flappy Bird,flappy-bird,871,
4160,bomberman,bomberman,127,
4165,mix,mix,25,
4166,timing,timing,79,
4167,tps,tps,30,
4177,cosmic-horror,cosmic-horror,25,
418,2 players,2-players,627,
41856,Period Piece,period-piece-2,12,
4193,fireworks,fireworks,32,
41974,inflation,inflation,6,
42,Great Soundtrack,great-soundtrack,3084,
42053,zach-like,zach-like,13,
4212,pingpong,pingpong,16,
42129,sur,sur,7,
4213,table,table,16,
42157,Game Design,game-design-2,242,
42220,Meaningful Choices,meaningful-choices-2,473,
4224,ddlc,ddlc,10,
4226,penguin,penguin,398,
4228,shooting,shooting,768,
4230,online-game,online-game,8,
4235,ink,ink,247,
4240,android-games,android-games,17,
42410,LGBTQ+,lgbtq-2,318,
42473,Immersive Sim,immersive-sim-2,132,
425,Single player only,single-player-only,28,
4252,young-adult,young-adult,7,
4267,elvis,elvis,8,
42678,Social Deduction,social-deduction-2,7,
4269,rust,rust,15,
4270,transportation,transportation,28,
42713,Asymmetric VR,asymmetric-vr,21,
4277,td,td,33,
4286,street-fighter,street-fighter,16,
43,Post-apocalyptic,post-apocalyptic,1473,
4308,twin-peaks,twin-peaks,11,
431,1 player,1-player-2,7,
4312,colors,colors,2803,
4314,fallout,fallout,14,
43188,background,background,20,
4324,taxes,taxes,8,
43248,scratch-made,scratch-made,6,
4331,cows,cows,35,
4333,baseball,baseball,377,
4335,asteroid,asteroid,179,
4336,invaders,invaders,669,
43374,Remote Play on TV,remote-play-on-tv,87,
4338,egypt,egypt,277,
43517,gwj,gwj,10,
43574,open-world,open-world-2,8,
43577,Remote Play on Phone,remote-play-on-phone,42,
43578,Remote Play on Tablet,remote-play-on-tablet,48,
4364,Game Boy Advance,game-boy-advance,46,
4386,hypercard,hypercard,25,
4388,snowboarding,snowboarding,21,
439,simultaneously,simultaneously,7,
4394,giant-bomb,giant-bomb,37,
4399,sfw,sfw,8,
44,Nudity,nudity,2168,
4401,banana,banana,227,
4402,rmmv,rmmv,13,
44086,Mental Health,mental-health-2,246,
4419,different,different,16,
4420,mental-illness,mental-illness,41,
4422,gb,gb,11,
4424,cubes,cubes,665,
4431,friend,friend,19,
444,tournament,tournament,26,
4441,cube,cube,1343,
4447,female,female,8,
4449,stairs,stairs,12,
4451,obstacles,obstacles,476,
4456,pc-games,pc-games,7,
4458,mafia,mafia,65,
4484,memorization,memorization,8,
4489,coming-out,coming-out,7,
44991,Ludum Dare 45,ludum-dare-45-3,1136,
45,2D,2d,82880,
45145,mix-and-jam,mix-and-jam,12,
4516,solarpunk,solarpunk,11,
45201,Remote Play Together,remote-play-together,436,
4528,xmas,xmas,169,
45368,game preview,game-preview,10,
45370,pixel-art,pixel-art,108,
45372,episode,episode,14,
4541,criminal,criminal,12,
4557,lowrez,lowrez,38,
4562,dolphin,dolphin,22,
4565,offline,offline,297,
4572,trucks,trucks,9,
4574,drifter,drifter,9,
4576,first,first,27,
45777,hypercasual,hypercasual,114,
45809,wick-editor,wick-editor,8,
4581,pewpew,pewpew,7,
45878,Online PvP,online-pvp,681,
45879,Local PvP,local-pvp,7,
45965,gm20,gm20,15,
46,Surreal,surreal,2257,
460,Endless,endless,9302,
46112,Shared/Split Screen Co-op,sharedsplit-screen-co-op,302,
46113,LAN PvP,lan-pvp,87,
46114,Shared/Split Screen PvP,sharedsplit-screen-pvp,350,
46115,LAN Co-op,lan-co-op,67,
46116,unrealjam,unrealjam,32,
46361,jinglejam,jinglejam,15,
4639,bees,bees,267,
46430,game-off-2019,game-off-2019,6,
4648,super,super,161,
46500,dani,dani,23,
46512,bfgd2019,bfgd2019,10,
4653,katamari,katamari,24,
46550,choicescript,choicescript,7,
4665,shenanijam,shenanijam,111,
467,Role Playing Game,role-playing-game,16,
4672,bee,bee,281,
4673,doodle,doodle,58,
4674,owl,owl,21,
4678,kung-fu,kung-fu,15,
4679,rocks,rocks,33,
468,role-playing,role-playing,1076,
46809,merge-numbers,merge-numbers,6,
4681,final-fantasy,final-fantasy,32,
46810,jingle-jam,jingle-jam,12,
46813,yogscastgamejam,yogscastgamejam,16,
4685,humour,humour,119,
4686,claymation,claymation,20,
469,LAN,lan,34,
4691,jump-and-run,jump-and-run,35,
4698,remastered,remastered,9,
47,Lovecraftian,lovecraftian,198,
470,Internet,internet,135,
4710,go,go,22,
4715,clown,clown,55,
4721,soup,soup,17,
4729,squad-based,squad-based,7,
4736,4k,4k,11,
4748,boats,boats,41,
4752,Skating,skating,90,
476,Side-Scrolling,side-scrolling,22,
47771,desktop-game,desktop-game,13,
478,3rd-Person Perspective,3rd-person-perspective,81,
47814,thec64,thec64,14,
4784,path,path,22,
4786,twin,twin,6,
4792,atoms,atoms,6,
47926,Global Game Jam 2020,global-game-jam-2020,256,
47928,ggj20,ggj20,68,
4793,chemistry,chemistry,42,
4794,class,class,13,
47966,hand-tracking,hand-tracking,16,
47983,hauntedps1,hauntedps1,15,
48,Dungeon Crawler,dungeon-crawler,2928,
480,Platform,platform,239,
4808,tile-based,tile-based,26,
4809,mecha,mecha,47,
4810,worms,worms,42,
4814,gems,gems,49,
48179,lucasfera15,lucasfera15,6,
4826,pie,pie,18,
4831,tribute,tribute,22,
4834,blender,blender,514,
48354,w10 exclusive,w10-exclusive,9,
4838,rampage,rampage,24,
4841,discovery,discovery,33,
4845,monkey-island,monkey-island,7,
4851,box,box,1510,
4854,quotes,quotes,10,
4856,slots,slots,46,
4857,bitcoin,bitcoin,26,
4859,mini-games,mini-games,18,
486,versus,versus,1362,
48635,covid-19,covid-19,113,
48645,pizza-tower,pizza-tower,7,
4866,lol,lol,49,
4877,wall,wall,32,
48782,1jam,1jam,11,
4880,tabletop,tabletop,261,
4881,bugs,bugs,2078,
4882,contemporary,contemporary,6,
48859,luxjam,luxjam,9,
48878,Lovecraftian Horror,lovecraftian-horror,110,
48901,coronavirus,coronavirus,196,
4891,Boring,boring,338,
49,Difficult,difficult,7284,
4909,village,village,37,
49092,doom-clone,doom-clone,7,
4919,cosmos,cosmos,36,
4920,original,original,59,
49226,yuneek,yuneek,9,
4927,fly,fly,2347,
49272,karlson,karlson,6,
4932,lcd,lcd,33,
4934,health,health,269,
4935,grenade,grenade,11,
4936,adventure-rpg,adventure-rpg,8,
4938,francais,francais,66,
4952,action-strategy,action-strategy,7,
4955,juicy,juicy,18,
4965,spinner,spinner,15,
4973,rougelite,rougelite,23,
49814,sidequest,sidequest,11,
4984,cargo,cargo,7,
49857,gunmen,gunmen,6,
499,Team,team,21,
4994,spectrum,spectrum,64,
49950,Card Battler,card-battler,63,
49951,Automobile Sim,automobile-sim,47,
49952,Political Sim,political-sim,32,
49953,Hero Shooter,hero-shooter-2,54,
49954,Open World Survival Craft,open-world-survival-craft,67,
49955,Puzzle Platformer,puzzle-platformer-2,298,
49956,Electronic Music,electronic-music-2,7,
49959,2D Platformer,2d-platformer-3,527,
49960,Life Sim,life-sim-2,126,
49961,3D Fighter,3d-fighter-2,50,
49962,Medical Sim,medical-sim,12,
49963,Precision Platformer,precision-platformer-2,136,
49964,Action Roguelike,action-roguelike-2,118,
49965,Traditional Roguelike,traditional-roguelike-2,15,
49966,Combat Racing,combat-racing-2,51,
49967,Colony Sim,colony-sim-2,41,
49968,Auto Battler,auto-battler,30,
49969,Farming Sim,farming-sim-2,41,
49970,Vehicular Combat,vehicular-combat-2,58,
49971,Naval Combat,naval-combat-2,14,
49975,hps1jam,hps1jam,11,
4998,crossword,crossword,18,
49995,2D-,2d-platformer-4,483,
49996,2D-,2d-faiter,59,
49998,-,luter-shuter,34,
5,Replay Value,replay-value,848,
50,Sexual Content,sexual-content,1754,
500,Solo,solo,959,
50000,Roguevania,roguevania,13,
5014,engineering,engineering,12,
50153,Ludum Dare 46,ludum-dare-46,3298,
50231,ldjam46,ldjam46,8,
50328,climate-jam,climate-jam,6,
5033,tv,tv,99,
5036,adventure-time,adventure-time,11,
5044,call-of-duty,call-of-duty,13,
50512,nesdev,nesdev,6,
5069,xkcd,xkcd,31,
5072,puzzler,puzzler,24,
5074,2-players,2-players-2,97,
5080,couch-multiplayer,couch-multiplayer,12,
5082,revenge,revenge,35,
5084,throw,throw,29,
50902,tufrjam1,tufrjam1,20,
51,Destruction,destruction,2172,
51020,street racing,street-racing-2,11,
51028,vrjam2020,vrjam2020,9,
5110,teenagers,teenagers,6,
5119,n64,n64,20,
5122,blast,blast,24,
513,coop,coop,290,
5130,blackjack,blackjack,34,
51367,pendragonjam,pendragonjam,11,
51374,c64maxi,c64maxi,6,
51376,pendragon,pendragon,9,
5140,indie-game,indie-game,103,
51537,igdakotka,igdakotka,11,
5154,healing,healing,10,
5156,hiragana,hiragana,15,
51610,Siren Head,siren-head-2,47,
5164,turtle,turtle,235,
5168,crew,crew,9,
5176,beast,beast,25,
5179,soft,soft,9,
5185,switch,switch,27,
5190,artsy,artsy,20,
5191,black,black,36,
5192,fez,fez,12,
5195,white,white,26,
5197,time-management,time-management-2,34,
52,Arena Shooter,arena-shooter,302,
5201,wip,wip,207,
5206,orbital,orbital,9,
5209,stupid,stupid,145,
5210,vertical-shooter,vertical-shooter,11,
5216,skater,skater,9,
5220,fpp,fpp,9,
5221,katana,katana,23,
5222,avoid,avoid,3338,
52257,benbonk,benbonk,10,
52305,i-cant-draw,i-cant-draw,7,
52413,kulturskolan,kulturskolan,22,
52414,spelbyggarna,spelbyggarna,22,
5252,construct-3,construct-3,206,
5254,element,element,16,
5255,spirit,spirit,36,
5256,bloody,bloody,34,
5258,core,core,19,
5259,typing-game,typing-game,16,
5264,family-friendly,family-friendly-2,44,
527,two,two,14,
5271,roadtrip,roadtrip,43,
5272,game_jam,game_jam,13,
52832,seo-sex,seo-sex,7,
5285,therapy,therapy,15,
5287,trash-game,trash-game,7,
5298,carnival,carnival,21,
53,Flight,flight,2714,
53006,smaug,smaug,15,
53022,unitedgamejam,unitedgamejam,7,
5317,vomit,vomit,14,
5318,free-2-play,free-2-play,6,
5324,easter,easter,37,
5325,easter-egg,easter-egg,8,
5327,html5-games,html5-games,14,
533,Zero-player,zero-player,12,
5332,leaderboard,leaderboard,109,
5340,non-fiction,non-fiction,11,
5344,unlockables,unlockables,13,
53448,outofcontrol,outofcontrol,39,
53449,gmtk2020,gmtk2020,53,
53464,out-of-control,out-of-control,114,
5351,anarchy,anarchy,8,
53523,gmtk-2020,gmtk-2020,6,
5355,lumberjack,lumberjack,19,
5357,comics,comics,117,
5360,chatroom,chatroom,9,
5373,urban,urban,22,
5379,spinoff,spinoff,7,
5387,railroad,railroad,26,
5391,aztec,aztec,34,
5394,magnet,magnet,26,
54,Score Attack,score-attack,1407,
5413,circle,circle,197,
5423,sound-design,sound-design,11,
5439,dimensions,dimensions,24,
5444,inform,inform,29,
5446,die,die,17,
5452,3rd-person,3rd-person,64,
5468,qte,qte,27,
5476,autism,autism,35,
5479,drive,drive,49,
5484,clues,clues,7,
5487,metal-slug,metal-slug,10,
5488,tank,tank,1026,
5493,acid,acid,10,
5494,shapeshift,shapeshift,55,
55,Tanks,tanks,1850,
5500,money,money,154,
5506,wizards,wizards,541,
5512,business,business,1137,
5520,bone,bone,6,
5521,care,care,20,
55318,Party Game,party-game-2,13,
55321,Outbreak Sim,outbreak-sim-2,12,
5543,up,up,14,
5559,elements,elements,327,
5560,universe,universe,113,
5561,dieselpunk,dieselpunk,14,
5571,Rotation,rotation,565,
5583,geometry,geometry,291,
5588,celtic,celtic,14,
5591,planning,planning,8,
5594,brackeys,brackeys,401,
5598,clean,clean,23,
5599,ocd,ocd,13,
56,Shoot 'Em Up,shoot-em-up,5898,
5610,colourful,colourful,35,
5621,gameplay,gameplay,12,
5622,awesome,awesome,711,
563,Season,season,11,
5634,mexican,mexican,24,
5637,sky,sky,1412,
5641,bundle,bundle,254,
5649,jupiter,jupiter,7,
5668,rng,rng,37,
56698,ludum-dare-47,ludum-dare-47,1101,
568,Time Management,time-management,132,
56825,2D-,2d-faiting,14,
5683,letters,letters,34,
5689,brain-training,brain-training,21,
569,Minigames,minigames,2960,
5690,cell-shading,cell-shading,9,
5691,china,china,26,
5693,tron,tron,129,
5696,spiders,spiders,42,
5698,hand,hand,24,
57,Bullet Hell,bullet-hell,3607,
570,Old School,old-school,356,
5700,hockey,hockey,350,
5705,2players,2players,42,
571,3D,3d,27822,
5717,hive,hive,16,
5718,insect,insect,43,
572,Emotional,emotional,252,
57217,discroom,discroom,7,
573,Unforgiving,unforgiving,25,
5738,falling,falling,81,
574,Dungeons & Dragons,dungeons-dragons,37,
5748,australia,australia,46,
5749,fractal,fractal,29,
575,Logic,logic,938,
5750,adorable,adorable,15,
576,Faith,faith,86,
5762,intergalactic,intergalactic,7,
5766,hyper,hyper,25,
577,Beautiful,beautiful,1530,
5773,launcher,launcher,16,
5777,pack,pack,1603,
578,Masterpiece,masterpiece,165,
579,Addictive,addictive,776,
580,Souls-like,souls-like,212,
5807,curse,curse,18,
581,Epic,epic,3218,
5816,console,console,1149,
582,Dog,dog,1156,
5827,men,men,6,
583,Narrative,narrative,3278,
5837,openfl,openfl,9,
584,Top Down Adventure,top-down-adventure,1229,
5842,steam,steam,576,
585,LGBT,lgbt,1534,
5858,cartoonish,cartoonish,8,
586,Ludum Dare,ludum-dare,3746,
5865,heat,heat,12,
587,Ludum Dare 42,ludum-dare-42,1862,
5878,invasion,invasion,43,
5892,penguins,penguins,32,
5894,serious-games,serious-games,19,
5899,construct,construct,709,
59,Crowdfunded,crowdfunded,55,
590,Non violent,non-violent,1593,
591,Unreal Engine,unreal-engine,3437,
5911,drums,drums,16,
592,Voice Acting,voice-acting,493,
5926,tangram,tangram,10,
5939,thinking,thinking,26,
594,Lo-fi,lo-fi,740,
5944,fighting-game,fighting-game,20,
5951,gloomy,gloomy,6,
5959,recycling,recycling,22,
596,blacksmith,blacksmith,20,
5961,portals,portals,43,
5963,joystick,joystick,28,
597,artgame,artgame,3823,
598,Farming,farming,872,
5986,matching,matching,276,
599,lore,lore,22,
6,Exploration,exploration,7940,
60,Touch-Friendly,touch-friendly,1081,
6005,ski,ski,40,
6010,theme-park,theme-park,8,
6026,balls,balls,2348,
6027,bubble-shooter,bubble-shooter,17,
6033,smash,smash,1522,
604,simple,simple,5335,
6043,communication,communication,49,
6046,vikings,vikings,82,
605,Explosions,explosions,1287,
607,Unity,unity,27564,
6079,easter-eggs,easter-eggs,15,
608,Forest,forest,1038,
6082,monogame,monogame,123,
609,Norse,norse,43,
6096,diving,diving,33,
61,Top-Down,top-down,8677,
610,viking,viking,110,
6117,wizardry,wizardry,6,
612,My First Game Jam,my-first-game-jam,2902,
6128,pencil,pencil,8,
6136,triangles,triangles,15,
614,edutainment,edutainment,138,
6141,sumo,sumo,43,
6152,cookies,cookies,21,
6154,milk,milk,41,
6157,rowing,rowing,7,
6159,point--click,point-click-2,12,
616,Spoopy,spoopy,337,
6160,voice,voice,9,
6164,replayable,replayable,22,
617,weird,weird,3277,
6171,little,little,23,
6179,mathematics,mathematics,34,
6187,nonogram,nonogram,19,
6188,picross,picross,32,
6189,hood,hood,7,
6192,javascript,javascript,266,
62,Moddable,moddable,467,
620,Spooky,spooky,2133,
6202,stunt,stunt,20,
6206,cells,cells,27,
6207,eggs,eggs,45,
621,dress-up,dress-up,131,
6210,hectic,hectic,14,
6214,beta,beta,573,
6216,plataformas,plataformas,11,
6223,videogame,videogame,40,
6224,balloon,balloon,413,
623,meat,meat,29,
6232,application,application,18,
624,Monsters,monsters,5601,
6244,africa,africa,21,
6246,nordic,nordic,10,
6249,simon,simon,31,
625,party,party,3084,
6254,rhythm-game,rhythm-game,11,
6259,trap,trap,22,
626,cats,cats,2926,
6261,transform,transform,12,
6263,bloom,bloom,16,
627,Skeletons,skeletons,605,
6278,dogfighting,dogfighting,14,
6287,slide,slide,49,
6289,rolling,rolling,65,
6294,itchio,itchio,14,
63,Zombies,zombies,5838,
630,fortress,fortress,11,
631,Low-poly,low-poly,5016,
6313,processing,processing,82,
6324,aquatic,aquatic,14,
633,renpy,renpy,1559,
6335,wave-shooter,wave-shooter,17,
6339,defence,defence,37,
634,Escape Game,escape-game,1180,
6340,randomly-generated,randomly-generated,45,
6345,toys,toys,32,
6350,hilarious,hilarious,18,
636,Game engine,game-engine,205,
6363,zork,zork,8,
6386,tribe,tribe,7,
639,Roguelike,roguelike,4907,
6393,sae,sae,18,
64,Fantasy,fantasy,10358,
640,Roguelite,roguelite,1726,
6404,devil,devil,58,
6405,small-game,small-game,17,
6406,protect,protect,18,
641,friendship,friendship,224,
6410,template,template,33,
6415,dodging,dodging,39,
6416,4-bit,4-bit,14,
6424,addicting,addicting,45,
643,Transgender,transgender,293,
6438,thoughts,thoughts,8,
6439,your,your,15,
644,Yuri,yuri,371,
6443,hiding,hiding,6,
6451,jigsaw-puzzle,jigsaw-puzzle,10,
6453,2-buttons,2-buttons,9,
6457,ufo,ufo,164,
6458,rainbow,rainbow,466,
646,maze,maze,3174,
6460,tranquil,tranquil,6,
6465,unique,unique,2091,
647,battlefield,battlefield,14,
6490,bright,bright,16,
6498,atmosphere,atmosphere,19,
65,Tower Defense,tower-defense,3251,
650,prison,prison,590,
6503,are,are,6,
6504,naruto,naruto,29,
6507,you,you,14,
6508,marshmallow,marshmallow,15,
6509,vacation,vacation,6,
651,ragdoll,ragdoll,374,
6517,club,club,18,
652,8-Bit,8-bit,6840,
6523,play,play,27,
6524,cover,cover,8,
6526,manager,manager,40,
653,Dogs,dogs,1407,
6533,downhill,downhill,7,
6539,rail-shooter,rail-shooter,9,
654,blocks,blocks,4830,
655,Manga,manga,258,
656,suspense,suspense,745,
6561,problem-solving,problem-solving,9,
657,Dreams,dreams,1536,
6578,brazilian,brazilian,17,
658,Cozy,cozy,555,
6580,defender,defender,66,
66,Medieval,medieval,2212,
660,Life Simulation,life-simulation,1125,
6609,concentration,concentration,21,
661,heartbeat,heartbeat,6,
6611,beat,beat,31,
662,RPG Maker,rpg-maker,5011,
663,Ghosts,ghosts,1869,
6632,mahjong,mahjong,24,
665,watercolor,watercolor,155,
666,cooking,cooking,683,
6665,possession,possession,15,
667,ue4jam,ue4jam,218,
6670,controller-support,controller-support-2,10,
668,creepy,creepy,1304,
669,scary,scary,547,
6692,contra,contra,19,
6696,indie-dev,indie-dev,10,
67,Management,management,3503,
670,coffee,coffee,121,
6706,connect,connect,105,
6710,wario,wario,11,
6711,wiimote,wiimote,6,
672,High Score,high-score,2667,
673,artificial-intelligence,artificial-intelligence-2,501,
675,creatures,creatures,29,
6755,wasteland,wasteland,12,
6760,jet-pack,jet-pack,6,
6761,cosmic,cosmic,24,
6763,valhalla,valhalla,6,
677,evolution,evolution,641,
6782,meteors,meteors,17,
6792,scoring,scoring,35,
6793,4,tag-18,7,
68,Hack and Slash,hack-and-slash,1464,
6801,relaxation,relaxation,21,
6812,avoidance,avoidance,14,
682,free,free,1532,
683,Photorealistic,photorealistic,245,
6832,game-guru,game-guru,6,
6838,bit,bit,9,
684,children,children,2930,
6841,bubbles,bubbles,44,
6842,jewel,jewel,17,
6843,jewels,jewels,17,
6858,lazer,lazer,12,
686,fps-platformer,fps-platformer,400,
6861,bedroom,bedroom,6,
6862,black-hole,black-hole,33,
6863,hidden-objects,hidden-objects,24,
687,Feel Good,feel-good,297,
6879,deep,deep,37,
688,relationship,relationship,679,
6880,smartphone,smartphone,25,
69,Action-Adventure,action-adventure,6209,
690,paper,paper,1102,
6903,galaxy,galaxy,877,
691,quick,quick,721,
6928,burger,burger,64,
6929,clue,clue,9,
6931,australian,australian,20,
6933,weeb,weeb,8,
694,Fairy Tale,fairy-tale,287,
695,pastel,pastel,188,
6951,80,tag-19,10,
6952,plateform,plateform,6,
6954,bubble,bubble,202,
6958,harry-potter,harry-potter,18,
6959,ritual,ritual,65,
696,tennis,tennis,426,
6963,wings,wings,14,
6967,passage,passage,6,
6969,uno,uno,9,
697,alchemy,alchemy,127,
698,Gardening,gardening,281,
6987,pac-man,pac-man,58,
7,Multiplayer,multiplayer,22340,
70,War,war,5953,
7002,depressing,depressing,19,
7007,shelter,shelter,10,
7010,championship,championship,10,
702,small,small,158,
7028,style,style,14,
703,PICO-8,pico-8,2253,
7037,bully,bully,15,
704,Traps,traps,1578,
7041,karting,karting,9,
705,Ludum Dare 37,ludum-dare-37,1006,
7050,splatoon,splatoon,11,
7056,calculator,calculator,16,
7057,crate,crate,15,
706,gamepad,gamepad,1704,
7063,golfing,golfing,8,
7067,webgame,webgame,16,
7068,heritage,heritage,7,
707,PuzzleScript,puzzlescript,721,
7074,eyes,eyes,23,
7076,brexit,brexit,22,
7079,mech,mech,23,
7082,fighter,fighter,1206,
709,Ludum Dare 39,ludum-dare-39,1197,
7094,blade,blade,12,
710,Global Game Jam,global-game-jam,2828,
711,mind-bending,mind-bending,506,
7115,flickgame,flickgame,129,
7116,lewd,lewd,29,
712,school,school,3021,
7123,date,date,15,
7125,cabin,cabin,6,
714,1-bit,1-bit,993,
7141,jousting,jousting,17,
7147,medusa,medusa,13,
715,Text based,text-based-2,4077,
7150,brick,brick,528,
7152,factory,factory,625,
7158,eating,eating,25,
716,goat,goat,256,
7160,opengl,opengl,30,
7166,finland,finland,22,
7168,unreal-engine-4,unreal-engine-4,24,
717,jumping,jumping,3533,
7176,rollercoaster,rollercoaster,11,
7186,gang,gang,9,
7187,mob,mob,6,
719,Ludum Dare 40,ludum-dare-40,1633,
72,Local Multiplayer,local-multiplayer,8647,
7202,rabbits,rabbits,18,
7209,towerdefense,towerdefense,14,
721,silly,silly,245,
7216,exciting,exciting,22,
7225,baldis-basics-in-education-and-learning,baldis-basics-in-education-and-learning,7,
7229,wolf-rpg-editor,wolf-rpg-editor,7,
7231,roll,roll,37,
7233,unusual,unusual,15,
7235,bumblebug,bumblebug,6,
7240,rick-and-morty,rick-and-morty,19,
7242,elephant,elephant,24,
7249,candy-crush,candy-crush,13,
7258,shape,shape,44,
726,japan,japan,795,
7261,surprise,surprise,15,
727,meaningful-choices,meaningful-choices,667,
7270,find,find,35,
7271,cartoons,cartoons,12,
7273,train-jam-2018,train-jam-2018,6,
7278,scientist,scientist,11,
7281,unconventional,unconventional,9,
729,asmr,asmr,19,
7297,market,market,22,
73,e-sports,e-sports,79,
730,youtube,youtube,2798,
7300,basic,basic,230,
731,NES,nes,1025,
7310,public-domain-jam,public-domain-jam,15,
7312,remaster,remaster,12,
7316,ww2,ww2,42,
7322,lgbtq,lgbtq,18,
7329,brick-breaker,brick-breaker,76,
733,charity,charity,32,
7332,balloons,balloons,34,
7333,cavemen,cavemen,6,
7337,c,c,1636,
7339,santa,santa,624,
734,spongebob,spongebob,25,
7355,cricket,cricket,20,
7366,turtles,turtles,20,
737,hard,hard,1201,
7373,gdl,gdl,26,
7374,struggle,struggle,8,
7375,rockets,rockets,36,
7376,rpg-elements,rpg-elements,7,
7377,irxjam17,irxjam17,14,
738,Boss battle,boss-battle,1749,
739,Game Jam,game-jam,4670,
74,Retro,retro,17017,
740,demo,demo,2161,
7409,sweets,sweets,14,
741,16-bit,16-bit,4222,
7413,grappling-hook,grappling-hook,32,
7414,minimal,minimal,44,
7415,thing,thing,14,
7417,digimon,digimon,16,
7418,wheel,wheel,17,
7421,hiddenobject,hiddenobject,6,
7433,caribbean,caribbean,7,
7435,driver,driver,13,
744,friends,friends,12723,
7445,crap,crap,25,
7447,russia,russia,37,
745,Math,math,1148,
7452,ww1,ww1,17,
7456,game-makers-toolkit-jam,game-makers-toolkit-jam-2,28,
746,Altgame,altgame,448,
7473,epicgamejam,epicgamejam,7,
748,Ludum Dare 34,ludum-dare-34,604,
749,army,army,154,
7491,couch-coop,couch-coop,17,
7498,3ds,3ds,7,
75,Local Co-Op,local-co-op,3485,
750,knight,knight,535,
7502,reality,reality,18,
751,Real time strategy,real-time-strategy,1357,
7514,bossfight,bossfight,8,
752,doll,doll,24,
7521,jail,jail,16,
7522,melancholy,melancholy,13,
7528,campaign,campaign,17,
753,god,god,741,
7533,abduction,abduction,16,
7537,momentum,momentum,15,
754,gun,gun,2299,
7540,fuckthisjam,fuckthisjam,6,
7546,world-cup,world-cup,14,
7550,ruins,ruins,27,
757,voice-controlled,voice-controlled,109,
7570,swipe,swipe,38,
7574,cherry,cherry,9,
7578,nightmares,nightmares,22,
758,challenging,challenging,892,
759,drunk,drunk,65,
7608,burn,burn,17,
7618,obstacle,obstacle,42,
762,psx,psx,276,
7629,enviroment,enviroment,13,
763,serial-killer,serial-killer,10,
7633,battle-arena,battle-arena,22,
764,slasher,slasher,125,
7646,order,order,7,
7647,sandwich,sandwich,32,
765,vhs,vhs,62,
7653,tense,tense,9,
766,computer,computer,117,
7660,microphone,microphone,30,
7664,non-game,non-game,17,
7665,sin,sin,13,
7666,beatbox,beatbox,6,
767,eerie,eerie,31,
7671,gdevelop,gdevelop,180,
7673,korean,korean,10,
7677,beats,beats,12,
7679,video-games,video-games,9,
769,virus,virus,784,
77,Realistic,realistic,945,
7702,napoleon,napoleon,6,
7705,bondage,bondage,18,
7706,fetish,fetish,7,
7715,crystal,crystal,26,
7730,goku,goku,15,
7731,vegeta,vegeta,7,
7734,palestine,palestine,7,
7739,yggdrasil,yggdrasil,6,
774,nature,nature,1919,
7751,scream,scream,21,
777,meme,meme,481,
778,sheep,sheep,311,
7782,shit,shit,82,
7795,bmx,bmx,17,
78,America,america,126,
780,agbic,agbic,81,
7804,nazi,nazi,17,
7805,president,president,32,
7808,steam-trading-cards,steam-trading-cards,7605,
781,flower,flower,330,
7810,adult-game,adult-game,22,
7813,dlc,dlc,35,
7815,space-combat,space-combat,7,
782,humor,humor,534,
783,lone-survivor,lone-survivor,419,
784,train,train,2496,
7849,goblin,goblin,87,
785,Erotic,erotic,472,
786,hentai,hentai,234,
7869,train-jam,train-jam,39,
7873,battleship,battleship,12,
7877,customize,customize,10,
788,realism,realism,13,
7887,cia,cia,6,
79,Free to Play,free-to-play,3368,
7903,trip,trip,24,
7906,calming,calming,21,
792,school-project,school-project,39,
7923,dogfight,dogfight,33,
7932,stickmen,stickmen,8,
7942,scratch,scratch,724,
796,plague,plague,39,
7960,ui,ui,22,
7977,cupid,cupid,12,
8,First-Person,first-person,9402,
80,Tactical,tactical,1872,
800,Lesbian,lesbian,250,
801,otoge,otoge,10,
8028,boo,boo,6,
8029,scare,scare,8,
803,Top down shooter,top-down-shooter-2,5595,
804,upgrades,upgrades,897,
8043,paddle,paddle,40,
806,Automation,automation,136,
8068,music-video,music-video,12,
807,Touhou,touhou,306,
808,character,character,5557,
8093,move,move,27,
81,Military,military,450,
812,gacha,gacha,28,
8127,yellow,yellow,15,
813,master-system,master-system,7,
8134,traffic,traffic,116,
815,sega,sega,65,
8159,existential,existential,30,
8160,os,os,11,
8161,alt-game,alt-game,9,
818,bike,bike,1215,
8183,dice-game,dice-game,7,
819,road,road,34,
8194,political-game,political-game,6,
8197,ngj16,ngj16,12,
82,Magic,magic,3878,
820,secrets,secrets,2289,
8211,agd,agd,9,
8217,genocide,genocide,7,
8219,sans,sans,12,
822,escape,escape,4844,
8224,boy,boy,29,
8227,diary,diary,19,
8234,fall,fall,2357,
824,Ludum Dare 41,ludum-dare-41,1699,
8253,zanga,zanga,13,
8268,weekly-game-jam,weekly-game-jam,169,
8295,magicavoxel,magicavoxel,11,
83,Puzzle-Platformer,puzzle-platformer,5939,
8300,billiards,billiards,21,
831,Grayscale,grayscale,254,
832,Halloween,halloween,1926,
833,brawler,brawler,296,
8337,nasa,nasa,32,
834,party-game,party-game,1152,
835,Swords,swords,835,
8356,jumper,jumper,50,
836,drone,drone,306,
8366,game-show,game-show,13,
8383,roulette,roulette,20,
8392,boardgame,boardgame,20,
8396,overwatch,overwatch,17,
8399,democracy,democracy,6,
84,Abstract,abstract,4174,
8407,solve,solve,20,
8409,hd,hd,46,
8418,html-5,html-5,14,
842,rc,rc,6,
8421,gears,gears,8,
8424,power-ups,power-ups,27,
8431,canada,canada,12,
844,simulator,simulator,5945,
8455,dialog,dialog,13,
846,chiptune,chiptune,1199,
848,jurassic-park,jurassic-park,6,
849,slender,slender,45,
8492,russian,russian,65,
8520,flappy,flappy,240,
853,Ludum Dare 33,ludum-dare-33,364,
8534,ectocomp,ectocomp,15,
855,amiga,amiga,63,
8571,dumb,dumb,128,
8582,clowns,clowns,26,
8587,student-project,student-project,74,
859,Commodore 64,commodore-64,491,
8599,monkeys,monkeys,18,
86,Education,education,1006,
860,DOS,dos,544,
8604,kid,kid,917,
8612,cursed,cursed,26,
8616,paintball,paintball,13,
8619,dessert,dessert,10,
8620,doughnut,doughnut,10,
8626,frozen,frozen,20,
863,Ludum Dare 38,ludum-dare-38,1637,
8642,archer,archer,30,
8649,special,special,6,
8656,survival-game,survival-game,8,
8657,noire,noire,9,
8665,kirby,kirby,20,
867,zelda,zelda,289,
8670,yoshi,yoshi,7,
8673,evolving,evolving,6,
8687,eating-disorder,eating-disorder,6,
869,fear,fear,503,
87,Science,science,874,
8701,air-hockey,air-hockey,28,
8727,pushing,pushing,7,
8729,garfield,garfield,14,
8757,philippines,philippines,9,
876,brawl,brawl,41,
8771,flesh,flesh,10,
8778,pride,pride,18,
878,sword,sword,920,
879,betrayal,betrayal,7,
88,Cute,cute,11586,
8803,racing-game,racing-game,22,
881,Twine,twine,3347,
8813,weeklygamejam,weeklygamejam,241,
882,Game Boy,game-boy,1865,
8844,karate,karate,7,
8846,hot-seat,hot-seat-2,19,
885,vive,vive,365,
886,Ludum Dare 35,ludum-dare-35,953,
887,GBJam,gbjam,662,
8876,levels,levels,90,
888,hardcore,hardcore,747,
8893,capx,capx,19,
89,Historical,historical,850,
890,eroge,eroge,34,
891,jam,jam,9812,
892,love,love,5222,
893,queer,queer,351,
8935,repair,repair,215,
894,Classes,classes,692,
8949,attack,attack,356,
895,DRM Free,drm-free,476,
8954,unicorns,unicorns,9,
8980,free-game,free-game,54,
899,stg,stg,37,
8992,point,point,10,
8994,women,women,25,
9,Online Co-Op,online-co-op,2312,
90,Visual Novel,visual-novel,1619,
900,fiction,fiction,34,
9005,educativo,educativo,8,
9020,extra-credits,extra-credits,68,
9026,cannons,cannons,11,
9039,powers,powers,9,
904,Gay,gay,449,
905,Animals,animals,4672,
9061,two-buttons,two-buttons,24,
91,Walking Simulator,walking-simulator,3182,
9113,spider-man,spider-man,12,
9123,first-game,first-game,137,
9141,weapon,weapon,39,
9154,nazis,nazis,6,
9155,propaganda,propaganda,11,
9175,openvr,openvr,6,
92,Game Development,game-development,87,
920,murder,murder,499,
9208,song,song,22,
924,Slice Of Life,slice-of-life,710,
925,Coming Of Age,coming-of-age,216,
926,one-button,one-button,1476,
9265,aventura,aventura,98,
9266,brasil,brasil,122,
927,LVE,love-2,1513,
9275,randomized,randomized,8,
9281,creature,creature,46,
929,spanish,spanish,167,
9295,tragic,tragic,10,
93,Video Production,video-production,50,
930,witch,witch,666,
9302,timetravel,timetravel,6,
9303,pretentious,pretentious,8,
931,tycoon,tycoon,996,
9319,buggy,buggy,23,
933,flight-simulator,flight-simulator,15,
9336,mexico,mexico,41,
9338,naked,naked,11,
9347,resistance,resistance,14,
935,art-game,art-game,22,
9365,asia,asia,15,
9386,mini,mini,40,
939,zine,zine,61,
94,Design & Illustration,design-illustration,183,
940,ecology,ecology,44,
9401,usa,usa,25,
941,Mountains,mountains,1069,
9417,temperature,temperature,19,
943,wildlife,wildlife,9,
9435,clay,clay,28,
944,wolf,wolf,601,
9441,flag,flag,10,
9450,study,study,121,
9454,mystical,mystical,10,
949,htc-vive,htc-vive,234,
9491,compo,compo,33,
95,Animation & Modeling,animation-modeling,103,
950,Oculus Rift,oculus-rift,606,
9500,pattern,pattern,28,
9516,idol,idol,15,
9531,ar,ar,359,
954,tv-show,tv-show,8,
9540,cup,cup,18,
955,cthulhu,cthulhu,89,
9567,new-york,new-york,8,
9573,ramen,ramen,11,
958,sprites,sprites,1165,
9581,guess,guess,47,
9582,jeopardy,jeopardy,6,
9583,multiple-choice,multiple-choice,12,
959,Seven Day Roguelike Challenge,seven-day-roguelike-challenge,406,
96,Kickstarter,kickstarter,492,
9606,jesus,jesus,19,
9614,dt508,dt508,44,
9620,hipster,hipster,11,
9642,monopoly,monopoly,10,
9680,1d,1d,34,
9695,daddy,daddy,6,
97,Action RPG,action-rpg,2829,
971,bara,bara,42,
9716,gameguru,gameguru,13,
9723,slow-mo,slow-mo,10,
973,libGDX,libgdx,299,
974,death,death,2528,
975,life,life,94,
978,snowman,snowman,56,
9792,doge,doge,30,
98,Loot,loot,1055,
980,winter,winter,999,
981,battle,battle,8197,
9815,hot,hot,13,
982,run,run,2699,
9824,humorous,humorous,9,
983,worm,worm,75,
9830,crystals,crystals,15,
9844,revival,revival,23,
9847,zx81,zx81,26,
986,trashcore,trashcore,52,
9860,stick-figures,stick-figures,6,
9878,capture-the-flag,capture-the-flag,29,
99,Isometric,isometric,1784,
990,vn,vn,119,
9918,lgbtqia,lgbtqia,272,
992,student,student,882,
993,Archery,archery,470,
994,xna,xna,23,
997,island,island,1924,
9973,madness,madness,35,
998,sims,sims,14,
9986,summer,summer,124,
999,shark,shark,422,
9993,target,target,21,
