31,singleplayer
40847,steam-achievements
7,multiplayer
7808,steam-trading-cards
40849,steam-cloud
13,atmospheric
40836,full-controller-support
42,great-soundtrack
24,rpg
18,co-op
170,competitive
40,dark-fantasy
101,turn-based-strategy
81,military
66,medieval
188,parkour
125,crafting
110,cinematic
639,roguelike
203,beat-em-up
5357,comics
49963,precision-platformer-2
3554,binaural
1968,nintendo
21661,pro
5986,matching
2674,swinging
1627,museum
2282,italy
307,gaming
2756,theatre
5373,urban
45368,game-preview
2613,bunny
926,one-button
1486,holiday
954,tv-show
993,archery
2949,flow
1951,instrument
49998,luter-shuter
1951,instrument
4269,rust
4160,bomberman
7417,digimon
4572,trucks
10076,crossover
1791,sexy
2770,ios
658,cozy
3762,norway
2186,first-person-shooter
4073,dice
19103,shake
10939,android-game
6439,your
9531,ar
3313,bank
55318,party-game-2
40878,import
1570,mashup
4068,quiz
7297,market
7176,rollercoaster
7887,cia
4240,android-games
3493,plug-in-digital
12643,fighting-games
9450,study
6879,deep
2259,artistic
1067,fangame
10033,free-software
672,high-score
4984,cargo
800,lesbian
3076,rush
2088,couch
13411,mobile-game
12536,survi
12536,survi
3306,absurd
1347,tragedy
1029,bishoujo
1540,philosophy
1514,funeral
7141,jousting
174,audio-production
49954,open-world-survival-craft
785,erotic
2563,character-driven
1783,pizza
4111,meditation
11829,billiard
3657,architecture
7278,scientist
3541,zoo
1331,slow
1996,biology
11830,snooker
4665,shenanijam
3038,marble
4267,elvis
5858,cartoonish
2207,reading
1075,generator
999,shark
940,ecology
1993,genetics
1550,open-source
3604,skateboard
3138,monster-girls
49952,political-sim
5690,cell-shading
8197,ngj16
8366,game-show
6224,balloon
4919,cosmos
1580,hospital
2467,film-noir
77,realistic
337,overlay
226,cyberpunk
33,vr
144,crime
82,magic
119,dystopian
39,building
165,colorful
133,3d-vision
3064,poetry
6632,mahjong
8582,clowns
12907,friendly
5195,white
11630,board
42157,game-design-2
5560,universe
4673,doodle
1131,sex
1131,sex
2774,learn
5689,brain-training
1017,browser
3496,ags
733,charity
5750,adorable
737,hard
30940,shooter-game
1040,urban-fantasy
924,slice-of-life
1216,meta
3150,easy
1402,porn
3495,adventure-game-studio
863,ludum-dare-38
3398,odd
1453,kinetic-novel
11142,driving-simulator
14597,wwii
9208,song
1964,reflex
1650,gxg
1705,catgirl
8028,boo
8949,attack
860,dos
855,amiga
45879,local-pvp
673,artificial-intelligence-2
7810,adult-game
1226,virtual-pet
2327,blob
8421,gears
8029,scare
1180,idle
6405,small-game
2311,pc
26844,fruit-ninja
325,foreign
17945,angry
19020,downloadable
22294,brain-game
1078,speedrun
3606,poker
42220,meaningful-choices-2
16289,rpg-adventure
5164,turtle
5571,rotation
3066,synth
1672,high-school
10136,legend
50000,roguevania
13316,idler
2008,slime
6457,ufo
15556,catch
2110,novel
2403,base-building-2
1793,ussr
1793,ussr
5216,skater
4952,action-strategy
762,psx
594,lo-fi
2504,occult
2967,kinetic
1748,teen
1472,competition
5634,mexican
4639,bees
2479,cowboy
9986,summer
40877,miscellaneous
729,asmr
1909,cool
890,eroge
39195,chibi-style
1323,one-hit-kill
2507,orcs
2507,orcs
379,one
2278,running
2279,panic
2680,child
12958,ducky
4672,bee
710,global-game-jam
7502,reality
2182,asymmetric
259,metroidvania
61,top-down
271,remake
154,steampunk
1656,mmo
218,multiple-endings
334,achievements
197,robots
478,3rd-person-perspective
56,shoot-em-up
955,cthulhu
3360,marvel
1617,gold
27439,misterio
698,gardening
2350,world
400,up-to-4-players-simultaneously
1061,oelvn
9113,spider-man
2556,adventure-game
1629,arpg
9113,spider-man
694,fairy-tale
1923,pong
2257,evn
5387,railroad
9319,buggy
1568,hotline-miami
30702,indie-developer
7873,battleship
5044,call-of-duty
2307,java
4027,travel
1369,bitsy
4648,super
1163,learning
5185,switch
1804,ducks
11713,pc-game
40311,pixel-art-game
40311,pixel-art-game
14734,playstation
643,transgender
12959,studios
49971,naval-combat-2
2685,greek
4451,obstacles
2735,temple
1306,victorian
3442,five-nights-at-freddys
949,htc-vive
3564,pretty
6954,bubble
5355,lumberjack
1361,murder-mystery
709,ludum-dare-39
2352,airplane
5298,carnival
3125,movies
9266,brasil
5298,carnival
3125,movies
1161,painting
3456,twin-stick
9620,hipster
10005,corruption
721,silly
1052,rubber
5332,leaderboard
527,two
10003,ranking
3187,break
20255,old-game
1444,punk
665,watercolor
6696,indie-dev
365,two-players
7329,brick-breaker
3847,arg
1587,cow
1452,philosophical
757,voice-controlled
10024,indie-games
929,spanish
4809,mecha
8134,traffic
703,pico-8
1433,novela-visual
1047,moe
739,game-jam
5256,bloody
2054,trump
5119,n64
2058,student-game
7242,elephant
3990,match-3-2
1864,spells
3301,chase
2062,sun
807,touhou
36136,weight-gain
669,scary
2253,mega-man
6959,ritual
16519,wasd
276,hardware
5344,unlockables
586,ludum-dare
6287,slide
13640,firstperson
130,driving
136,music
83,puzzle-platformer
142,detective
233,jrpg
67,management
90,visual-novel
278,assassin
406,story
46,surreal
586,ludum-dare
1499,storm
1971,early-access-2
3431,zelda-like
824,ludum-dare-41
3455,arena-shooter-2
4686,claymation
13633,bycicle
3083,tcg
5649,jupiter
587,ludum-dare-42
12843,solar-system
3083,tcg
3913,stickman
10163,france
1314,story-driven
2324,madewithunity
8642,archer
6261,transform
8673,evolving
2001,cyber
36801,lucasarts
1232,evolve
1942,warp
1957,weather
3721,sudoku
792,school-project
2041,beauty
716,goat
14689,arcade-game
2423,expansion
14689,arcade-game
2347,domination
1399,undertale
24936,pubg
2238,track
1435,firefighter
13260,canyon
10403,engine
383,hotseat
383,hotseat
2705,accessible
378,one-player-2
1858,ikea
3449,ride
2552,monochrome
2784,labyrinth
2092,rogue
1269,construct-2
2285,environmental
12436,fidget
2450,reddit
3191,pollution
4909,village
1660,mechanic
3656,poetic
1080,github
1576,compilation
439,simultaneously
2731,giant
8701,air-hockey
2948,infinite-runner
1576,compilation
12648,nukes
22148,kids-games
444,tournament
35348,sex-game
3322,app
2529,hacker
6188,picross
6188,picross
2795,language
1931,cpu
19765,trailer
4934,health
1692,ggj15
11208,jokes
14405,bullethell
13794,actions
3515,drones
2455,warrior
41974,inflation
9365,asia
876,brawl
621,dress-up
7435,driver
4456,pc-games
9642,monopoly
2755,shakespeare
2454,twitter
4681,final-fantasy
3824,breakout
5130,blackjack
5325,easter-egg
812,gacha
6079,easter-eggs
2252,literature
778,sheep
48878,lovecraftian-horror
4965,spinner
40834,commentary-available
158,mmorpg
96,kickstarter
50,sexual-content
243,1990s
148,dark-humor
105,world-war-ii
270,blood
640,roguelite
48,dungeon-crawler
3725,word-game-2
9155,propaganda
886,ludum-dare-35
1515,tag-3
765,vhs
3178,tunnel
357,one-player
1906,bullet
2704,graphic-adventure
7376,rpg-elements
21800,sing
7158,eating
3467,augmented-reality
4213,table
6345,toys
17628,vuforia
9824,humorous
6232,application
3602,assets
2082,male-protagonist
2931,myst
14023,age
1016,anxiety
719,ludum-dare-40
973,libgdx
1434,gender
3988,top
15874,icecream
2882,plant
2663,terminal
533,zero-player
2882,plant
2452,social-commentary
1666,synthwave
707,puzzlescript
2413,blind
5082,revenge
14149,tag-62
2863,darkness
8657,noire
40879,mental-training
2553,sitting-simulator
3465,space-shooter
612,my-first-game-jam
1150,godot
8161,alt-game
40932,ar-support
8935,repair
3341,piano
8571,dumb
4116,horror-games
1648,incremental
5591,planning
1238,firefighting
1136,oldschool
4936,adventure-rpg
3904,vietnam
3754,werewolf
354,alternating
661,heartbeat
398,1-player
4841,discovery
1103,earth
4541,criminal
4165,mix
6160,voice
6179,mathematics
2443,puzzle-game
36466,ludum-dare-43
6117,wizardry
431,1-player-2
34172,royale
4562,dolphin
3433,sand
24108,platformer-game
1045,personal
859,commodore-64
3774,amnesia
3194,platforms
6863,hidden-objects
6863,hidden-objects
4891,boring
1225,musical
1165,video
3737,arrow
3621,map
6539,rail-shooter
36206,racing-cars
12754,elementals
11554,motion
12754,elementals
49961,3d-fighter-2
1886,heart
748,ludum-dare-34
3938,competative
1914,ps1
16471,utility
939,zine
1110,ue4
2723,trees
305,linear
138,relaxing
1867,puzzles
232,episodic
178,illuminati
182,4-player-local
98,loot
51,destruction
194,real-time-with-pause
180,base-building
610,viking
2723,trees
4021,mono
4402,rmmv
939,zine
1254,flash
1371,poem
5807,curse
4235,ink
1569,html5
4235,ink
1569,html5
2368,fnaf
675,creatures
950,oculus-rift
10950,fat
4331,cows
12700,university
1665,live-action
50153,ludum-dare-46
50153,ludum-dare-46
3451,perspective
2659,dwarf-fortress
5413,circle
4167,tps
2803,rage-game
8424,power-ups
879,betrayal
6670,controller-support-2
2943,cellular-automata
3502,kemonomimi
49092,doom-clone
2267,pets
6670,controller-support-2
4314,fallout
6010,theme-park
7804,nazi
783,lone-survivor
7355,cricket
2822,dig
1346,sad
2857,construction
2419,jumpscares
636,game-engine
695,pastel
1457,collectibles
10009,cubic
1326,flat-shading
6339,defence
4834,blender
6339,defence
3776,lab
4158,flappy-bird
1696,dwarves
1349,ludum-dare-36
3615,pop
1981,beer
1120,red
3114,necromancer
599,lore
599,lore
14308,productivity
686,fps-platformer
3359,narrative-game
1677,mother
3289,timer
705,ludum-dare-37
2066,bdsm
3179,kart-racing
887,gbjam
705,ludum-dare-37
887,gbjam
9918,lgbtqia
3282,oregon-trail
5220,fpp
2593,camera
1670,screensaver
978,snowman
616,spoopy
1000,sokpop
1223,growing
5561,dieselpunk
4854,quotes
7932,stickmen
815,sega
752,doll
4224,ddlc
848,jurassic-park
2576,leftist
12894,sequel
5033,tv
3015,low-res
848,jurassic-park
49965,traditional-roguelike-2
1928,emoji
1870,web
935,art-game
24982,adv
2190,procjam
1134,megaman
65,tower-defense
116,25d
196,procedural-generation
1465,combat
57,bullet-hell
284,cult-classic
981,battle
60,touch-friendly
229,3d-platformer
268,comic-book
24982,adv
752,doll
1134,megaman
609,norse
3015,low-res
848,jurassic-park
7433,caribbean
1679,1gam
8587,student-project
1130,new
6928,burger
848,jurassic-park
3115,paladin
22796,formula-1
5379,spinoff
2759,autobiographical
6424,addicting
5264,family-friendly-2
469,lan
13572,castle-defense
41856,period-piece-2
1249,platformer-shooter
3995,socialist
2875,minimalism
2444,monochromatic
7063,golfing
4038,sinclair
801,otoge
469,lan
1345,parser
469,lan
1345,parser
1222,notgame
971,bara
1285,linux
1761,cyoa
15919,milf
3501,harem
1310,machine
11068,technology
2986,skull
7849,goblin
18891,70s
7815,space-combat
1203,voidscape
14005,airplanes
6082,monogame
2265,desktop
1741,stop-motion
2985,british
2104,dating
2130,flatgame
1741,stop-motion
1894,zero-gravity
6533,downhill
6410,template
1437,yandere
2470,danganronpa
470,internet
1138,builder
1894,zero-gravity
670,coffee
5476,autism
11966,hog
702,small
5718,insect
8337,nasa
8455,dialog
1062,tyranobuilder
7702,napoleon
9020,extra-credits
1062,tyranobuilder
3785,restaurant
6526,manager
2211,thief
4794,class
4792,atoms
5221,katana
8455,dialog
4793,chemistry
3614,number
4072,coin
3885,stacking
1024,contemplative
4062,language-learning
44991,ludum-dare-45-3
1258,masocore
6841,bubbles
1160,gallery
1236,joke
1236,joke
1320,graveyard
1445,vignette
1668,deer
1184,tamagotchi
1649,spiritual
4679,rocks
1482,the
1757,trippy
7705,bondage
258,hand-drawn
124,perma-death
269,quick-time-events
216,heist
209,drama
195,economy
413,online
100,grand-strategy
217,romance
808,character
5072,puzzler
1062,tyranobuilder
3993,pt
9336,mexico
1511,stencyl
5252,construct-3
2591,jump
2246,fashion
3622,astronomy
2367,reflection
2367,reflection
1039,ludum-dare-31
5209,stupid
986,trashcore
17174,justice
5487,metal-slug
7903,trip
3034,tropical
19096,coloring
1443,kawaii
986,trashcore
734,spongebob
3920,mysterious
2509,leap-motion
4528,xmas
2837,aircraft
1128,anthro
1172,lua
3555,fan-made
7115,flickgame
1172,lua
3555,fan-made
7115,flickgame
1690,meta-game
1412,design
49962,medical-sim
4808,tile-based
1890,kaiju
1141,90s
1628,dressup
1628,dressup
1141,90s
7123,date
4100,logic-puzzle
6187,nonogram
18311,mythos
18163,songs
6969,uno
9860,stick-figures
1625,collaboration
1625,collaboration
9581,guess
5156,hiragana
1762,transformation
6692,contra
15172,tag-66
5951,gloomy
5197,time-management-2
4748,boats
667,ue4jam
6504,naruto
4748,boats
6244,africa
10449,action-game
9582,jeopardy
3295,agdg
4277,td
8399,democracy
8043,paddle
667,ue4jam
2456,run-and-gun
1375,parrallax
3868,old
4857,bitcoin
2562,social-deduction
2371,rom
40862,life-training
2840,model
9061,two-buttons
7805,president
1262,harmony
40862,life-training
2228,art-book
1375,parrallax
2646,audio
7550,ruins
3471,oculus
12896,off-road
2128,emotion
8656,survival-game
1257,iwbtg
1338,body-horror
17190,minijam
8656,survival-game
8619,dessert
1318,bad
16379,ttrpg
1122,hypertext
3378,magical-girl
1262,harmony
234,superhero
175,turn-based-combat
571,3d
78,america
212,4x
166,stylized
208,alternate-history
164,cartoony
176,turn-based-tactics
40839,includes-source-sdk
1895,brutalism
1262,harmony
1516,resident-evil
1264,supermarket
1256,folklore
1275,ludum-dare-30
4882,contemporary
4106,questions
3497,hunter
1462,user-interface
1462,user-interface
2050,berlin
5696,spiders
3497,hunter
3603,corona
2836,tactic
11135,goose
4920,original
2840,model
14590,coloring-book
4557,lowrez
5594,brackeys
1642,melee
7751,scream
6154,milk
5762,intergalactic
5069,xkcd
8159,existential
899,stg
8803,racing-game
37077,3dcg
8803,racing-game
759,drunk
17388,janitor
899,stg
38562,bbw
766,computer
1707,gas
35718,wgjbr
7418,wheel
17388,janitor
842,rc
596,blacksmith
5327,html5-games
1767,hidden
5865,heat
3062,journalism
6289,rolling
1881,surrealism
831,grayscale
13121,bound
1767,hidden
1881,surrealism
10442,bull
6171,little
8893,capx
5961,portals
831,grayscale
759,drunk
15130,bandits
8893,capx
1881,surrealism
15130,bandits
8620,doughnut
7977,cupid
3377,ping-pong
11880,brickbreaker
7056,calculator
1984,homebrew
15283,hearthstone
11880,brickbreaker
7056,calculator
1984,homebrew
15283,hearthstone
7445,crap
39945,ludum-dare-44
2625,loli
5698,hand
10628,asian
2621,rpg-maker-vx-ace
2621,rpg-maker-vx-ace
2339,rpg-horror
2222,ice-cream
5698,hand
12590,helicopters
1982,orc
21790,wgj
15134,loud
4877,wall
4838,rampage
4877,wall
3994,silent-hill
3664,jojo
4998,crossword
20409,zombie-shooter
4056,growth
2744,mask
4784,path
2303,camp
2216,home
40937,steam-trading-cards-2
86,education
200,narration
266,level-editor
143,rpgmaker
236,top-down-shooter
238,crpg
317,time-travel
213,city-builder
187,demons
2216,home
3729,choices
2215,happy
20409,zombie-shooter
4784,path
2258,idle-game
2472,tea
959,seven-day-roguelike-challenge
14800,elf
39838,gbstudio
39838,gbstudio
1545,giantess
3958,performance
4784,path
1267,rift
1219,fairy
11069,connect-4
1544,tarot
2210,haunted
563,season
1708,station
4420,mental-illness
4431,friend
1532,tilemap-based-tools
1575,melon
1368,serious
1574,delicious
1475,mouse
2523,browser-game
5080,couch-multiplayer
5080,couch-multiplayer
9123,first-game
36668,strand
1383,non-eucledian
5201,wip
5749,fractal
1093,relationships
998,sims
8813,weeklygamejam
1745,chat
6517,club
1745,chat
6005,ski
8729,garfield
2713,social
3813,spell
1431,wolves
4489,coming-out
5014,engineering
4691,jump-and-run
5014,engineering
4691,jump-and-run
3970,pigeon
3228,mummy
2942,trainer
2989,peace
3845,kill
5963,joystick
7160,opengl
7734,palestine
7734,palestine
7231,roll
11866,micro-game
7160,opengl
48635,covid-19
6609,concentration
5683,letters
10790,spaceships
8409,hd
3354,riddle
3354,riddle
8409,hd
3148,platform-fighter
17153,nonsense
12150,sega-genesis
10790,spaceships
6580,defender
2747,insects
11629,venezuela
22681,logic-game
11629,venezuela
22681,logic-game
780,agbic
5878,invasion
3231,ggj17
11782,error
31809,burnout
3023,axe
37636,nonbinary
11541,siege
31809,burnout
1678,nostalgic
8876,levels
11782,error
3078,magical
7300,basic
6259,trap
2944,robotron
4786,twin
3837,duplicade
118,story-rich
36,open-world
411,cooperative
8,first-person
32,sci-fi
45,2d
149,third-person
40845,partial-controller-support
30,fps
16,horror
662,rpg-maker
147,resource-management
215,dragons
201,twin-stick-shooter
171,pve
169,moba
210,real-time
45878,online-pvp
127,card-game
112,minimalist
4786,twin
3837,duplicade
3157,suicide
3090,industrial
19944,strategy-game
5892,penguins
5599,ocd
4866,lol
5766,hyper
4955,juicy
4866,lol
5766,hyper
5717,hive
3256,and
6578,brazilian
4955,juicy
5610,colourful
7125,cabin
5668,rng
4831,tribute
5668,rng
5610,colourful
5391,aztec
6324,aquatic
2900,funky
2404,geography
9993,target
9680,1d
2574,captain
4399,sfw
2574,captain
9680,1d
6324,aquatic
2512,clouds
5391,aztec
6096,diving
5494,shapeshift
8670,yoshi
8727,pushing
4166,timing
9386,mini
4399,sfw
8670,yoshi
8727,pushing
2002,motorcycle
8771,flesh
4166,timing
8194,political-game
7233,unusual
7186,gang
4166,timing
8980,free-game
4516,solarpunk
21721,teaching
16105,character-creation
4120,commando
41133,dragonruby
18890,grey
10544,persona
1137,retrogame
41133,dragonruby
15253,rave
5738,falling
1137,retrogame
55321,outbreak-sim-2
7147,medusa
4674,owl
2695,apocalyptic
6453,2-buttons
2359,interactive-narrative
2695,apocalyptic
11315,zzt
2181,stars
4674,owl
37670,ggj19
2080,action-puzzle
2309,hexagon
41133,dragonruby
7521,jail
2587,nice
2080,action-puzzle
37670,ggj19
2039,cryptocurrency
14920,bacon
2740,illustration
3821,feminist
37438,trijam
2016,4-player
13302,bricks
35446,scout
2039,cryptocurrency
2016,4-player
35446,scout
37670,ggj19
3677,hat
4193,fireworks
2473,kart
2102,awkward
4938,francais
4125,galactic
319,silent-protagonist
289,noir
186,ninja
222,choose-your-own-adventure
205,lore-rich
179,cartoon
204,gothic
283,based-on-a-novel
338,cloud-saves
2030,city
4193,fireworks
2102,awkward
1460,mortal
4938,francais
9401,usa
4125,galactic
2473,kart
4177,cosmic-horror
1770,caves
1706,fuel
3151,goofy
4125,galactic
2428,clash
2554,terraria
30389,indy
2410,ia
6523,play
7375,rockets
2295,snes-2
9386,mini
3151,goofy
6523,play
7375,rockets
4125,galactic
3741,killer
2439,wtf
2975,clickteam
45145,mix-and-jam
23367,malaysia
647,battlefield
2975,clickteam
2439,wtf
45145,mix-and-jam
983,worm
23367,malaysia
647,battlefield
4125,galactic
1770,caves
1663,bartending
1706,fuel
13841,darts
1770,caves
1050,free-roam
48901,coronavirus
2410,ia
4125,galactic
1214,mystic
1706,fuel
51610,siren-head-2
1663,bartending
4125,galactic
1770,caves
1480,of
1233,walking
3081,coding
40404,incest
47926,global-game-jam-2020
10438,mlp
34741,flicksy
1181,lost
1181,lost
1186,cake
34741,flicksy
10438,mlp
1706,fuel
8219,sans
1785,melody
8687,eating-disorder
1663,bartending
7202,rabbits
1706,fuel
1682,fencing
1663,bartending
2473,kart
30932,terrorism
1704,girls-love
1085,no-combat
1456,chungus
7366,turtles
1573,corona-sdk
1456,chungus
1606,slave
1770,caves
1573,corona-sdk
12544,wildwest
1768,object
12185,leaves
1676,lion
1777,eat
2952,mind
3198,protest
2861,wow
10534,chameleon
25082,shitpost
1758,fusion
2673,electronic
3625,childhood
2471,cafe
30023,ethereum
24662,scarecrow
184,mechs
53,flight
162,board-game
55,tanks
47,lovecraftian
140,hidden-object
287,political
52,arena-shooter
224,1980s
578,masterpiece
24662,scarecrow
30023,ethereum
12461,powerpoint
1334,escape-room
6706,connect
1737,fungus
2441,puppet
12087,esoteric
3430,swimming
12082,roller
2441,puppet
12082,roller
11167,shootout
30023,ethereum
3919,grim
3430,swimming
1955,landscape
4107,auto-runner
2363,pacman
7646,order
12040,physics-game
2363,pacman
13404,block-breaker
1572,horde
1478,day
4157,fishy
1842,mental-health
1974,vote
7618,obstacle
1848,investigate
2363,pacman
1848,investigate
7514,bossfight
10928,awful
2938,meditative
23614,farwest
11922,fog
23421,latest
23259,pathfinding
6406,protect
7076,brexit
23421,latest
23259,pathfinding
22381,steak
7373,gdl
8844,karate
4447,female
5468,qte
25002,steam-vr
767,eerie
4419,different
994,xna
18354,annoying
767,eerie
4422,gb
11626,oasis
33833,inkjam
24291,candle
33884,parry
18272,histoire
11626,oasis
18272,histoire
4422,gb
24291,candle
33884,parry
7578,nightmares
22374,decoration
5773,launcher
4576,first
5036,adventure-time
6832,game-guru
33884,parry
3689,crack
13122,starcraft
3059,power
12353,missile-command
1730,space-ships
10620,ludum-dare-25
10149,write
10846,no
6843,jewels
10149,write
10620,ludum-dare-25
9265,aventura
10846,no
10776,button
2917,tile
1904,languages
10839,crossing
5285,therapy
1904,languages
10776,button
7673,korean
3875,man
5285,therapy
10641,carrots
4324,taxes
2917,tile
3059,power
53449,gmtk2020
135,2d-fighter
160,dating-sim
625,party
206,party-based-rpg
153,satire
265,class-based
285,psychological
318,star-wars
304,character-action-game
279,supernatural
4324,taxes
10641,carrots
7647,sandwich
11622,escher
5394,magnet
46500,dani
5168,crew
1164,medical
4386,hypercard
2262,platforming
4324,taxes
4386,hypercard
4286,street-fighter
4364,game-boy-advance
4308,twin-peaks
4449,stairs
3345,dino
4845,monkey-island
4653,katamari
11595,tapper
4653,katamari
4721,soup
4710,go
1730,space-ships
2988,digital
7739,yggdrasil
4394,giant-bomb
6711,wiimote
7706,fetish
7270,find
3344,pdf
7374,struggle
2548,ggj18
14116,simon-says
7270,find
6963,wings
7491,couch-coop
4814,gems
12479,hills
2888,hack
7706,fetish
12115,speech
3931,keys
12479,hills
2902,vegan
2888,hack
8626,frozen
4449,stairs
8268,weekly-game-jam
21420,scrolling-shooter
8626,frozen
8268,weekly-game-jam
8392,boardgame
19971,gamer
3243,butterfly
2612,tic-80
2888,hack
2696,end-of-the-world
1609,furniture
3019,kenney
1609,furniture
8268,weekly-game-jam
2399,2-bit
3324,ggj16
2655,giraffe
11824,paranoia
3367,commodore64
3779,hamburger
3736,american
3019,kenney
3736,american
2493,bombs
3367,commodore64
3618,climate-change
3553,yokai
3223,gamebook
3019,kenney
7050,splatoon
19188,sounds
3420,doctor
13264,stuck
10873,shaman
8649,special
6164,replayable
6223,videogame
5705,2players
3620,tag-9
2940,fortnite
4130,collectible
2779,soviet
9026,cannons
2860,warcraft
3635,god-game-2
11762,hungry
3647,battle-simulator
5479,drive
2791,king
47983,hauntedps1
3037,tag-7
4394,giant-bomb
185,swordplay
73,e-sports
744,friends
181,hunting
291,conspiracy
207,rhythm
87,science
227,hacking
250,underwater
308,bullet-time
10574,divine
3893,teleport
9614,dt508
3142,collaborative
3710,books
3532,otter
5621,gameplay
10936,randomizer
19263,cellphone
9154,nazis
17000,sdl2
6665,possession
7877,customize
5894,serious-games
19538,entertainment
6611,beat
6246,nordic
6509,vacation
5084,throw
14993,notgdc
15088,google-play
5084,throw
14993,notgdc
15192,clickteamfusion
43188,background
9830,crystals
7960,ui
7869,train-jam
3950,lunar
7730,goku
7730,goku
7960,ui
2858,agario
18307,reptile
14915,reflect
16390,stick-figure
3439,selfie
17232,racket
16565,germ
18998,yahtzee
6159,point-click-2
7002,depressing
16565,germ
18998,yahtzee
14514,distance
15128,community
9154,nazis
7079,mech
2010,particles
3561,magical-girls
16565,germ
12502,cold
16777,edm
12458,bigfoot
12315,vocabulary
4574,drifter
20400,whgj
12209,boom
4826,pie
15128,community
15249,hole
4574,drifter
27667,protoss
38873,reve
34192,brackeys-jam
19688,spring
11214,howell
11190,gameaweek
8665,kirby
7216,exciting
49975,hps1jam
3578,memory-game
11190,gameaweek
6192,javascript
28394,goalkeeper
7216,exciting
2204,alt
10896,minild
10286,feet
11214,howell
6192,javascript
10286,feet
28394,goalkeeper
4040,bisexual
8224,boy
6792,scoring
10795,rainbows
10896,minild
7216,exciting
56698,ludum-dare-47
28394,goalkeeper
7079,mech
6509,vacation
2910,mystic-western
2820,dota
10181,geometrical
5254,element
5176,beast
3888,woods
5588,celtic
108,mythology
295,soundtrack
255,pirates
254,spectacle-fighter
245,trading
577,beautiful
244,mod
54,score-attack
183,thriller
220,experimental
3333,comic-book-2
2910,mystic-western
13719,wgjgame
5588,celtic
5192,fez
2820,dota
10795,rainbows
5939,thinking
23691,algorithm
49956,electronic-music-2
49956,electronic-music-2
23489,follow
5939,thinking
5598,clean
5543,up
5206,orbital
7906,calming
5255,spirit
5446,die
5837,openfl
5255,spirit
5543,up
5837,openfl
1488,smash-bros
5446,die
5444,inform
1467,tech
1230,fermijam
1149,muscle
6416,4-bit
1547,emotions
5444,inform
6507,you
6503,are
6451,jigsaw-puzzle
10896,minild
6416,4-bit
1113,regency
6254,rhythm-game
6249,simon
5324,easter
2910,mystic-western
5926,tangram
11305,wet
1355,threes
5439,dimensions
12274,duality
6254,rhythm-game
1424,tag-2
1564,kenneyjam
7168,unreal-engine-4
5439,dimensions
6451,jigsaw-puzzle
19622,outer-space
6313,processing
36325,tag-145
1198,wolfenstein
10183,missions
10420,sbigjam
7653,tense
1153,boobs
10074,globalgamejam
1473,valentine
9815,hot
2358,tale
9792,doge
3825,diamonds
9723,slow-mo
9844,revival
9491,compo
9723,slow-mo
9815,hot
9792,doge
9454,mystical
9491,compo
9441,flag
9435,clay
9500,pattern
9844,revival
6710,wario
9441,flag
9417,temperature
9435,clay
9295,tragic
9303,pretentious
9302,timetravel
9454,mystical
7094,blade
9039,powers
5179,soft
9303,pretentious
9039,powers
12317,texas
9295,tragic
8068,music-video
8127,yellow
9302,timetravel
19525,word-search
5439,dimensions
8418,html-5
42473,immersive-sim-2
152,western
126,dinosaurs
581,epic
288,interactive-fiction
103,hex-grid
302,time-manipulation
40858,other
328,batman
241,space-sim
14993,notgdc
8383,roulette
8093,move
18595,live
8418,html-5
8127,yellow
2242,endless-runner
19225,puzzle-games
12434,noel
8227,diary
12434,noel
19172,crows
17781,my
19225,puzzle-games
8227,diary
16826,brave
19033,size
19069,nest
9039,powers
7664,non-game
1585,italian
19033,size
16826,brave
9281,creature
7664,non-game
1803,bouncy
16530,walls
15869,sacrifices
1245,trainjam
15686,hard-game
1287,haxeflixel
15686,hard-game
17781,my
9435,clay
15291,theft
1458,deadly
15352,gift
1044,nar8
45777,hypercasual
3396,limbo
15506,costume
15686,hard-game
45777,hypercasual
1900,choose-your-own-adventure-2
1512,music-production
1699,town
2880,panda
7249,candy-crush
7671,gdevelop
15569,max
15352,gift
16184,5-minute
13909,bejeweled
7671,gdevelop
7249,candy-crush
6128,pencil
15569,max
2880,panda
19525,word-search
1147,infiltration
45777,hypercasual
7664,non-game
1147,infiltration
22121,slice
1263,cashier
6951,tag-19
29693,ragdolls
9347,resistance
3780,crowd
2788,hiking
6128,pencil
1185,baking
1537,playground
4973,rougelite
3780,crowd
2788,hiking
1970,tojam
5122,blast
2040,tf2
2537,rats
1533,ace
1447,scp
2635,youtuber
2726,mission
2107,two-players-2
11222,scavenger-hunt
8665,kirby
4678,kung-fu
1425,low-resolution
2620,table-top
11222,scavenger-hunt
1425,low-resolution
1992,game-boy-2
2566,drinking
2620,table-top
2481,identity
1773,magical-realism
2632,markiplier
11083,argentina
7332,balloons
59,crowdfunded
251,cold-war
247,real-time-tactics
273,parody
309,dynamic-narration
29,games-workshop
19728,european
191,football
42410,lgbtq-2
272,inventory-management
11083,argentina
2632,markiplier
2481,identity
2000,generative
7332,balloons
2568,amaze
2107,two-players-2
3129,kitchen
2043,park
11364,zodiac
11690,spike
11364,zodiac
11578,explode
2568,amaze
9716,gameguru
2119,heroes
11469,whack
2037,makeup
2026,nuclear-throne
5287,trash-game
2037,makeup
11244,rising
10073,badass
2119,heroes
11364,zodiac
5926,tangram
13203,terry-hess
26003,schoolproject
11192,summer-slow-jam
3984,swiss
19794,lynx
1647,gms
5691,china
7533,abduction
51537,igdakotka
25029,br
51374,c64maxi
7537,momentum
5271,roadtrip
14186,logo
13420,cyberpunk-jam
12110,child-friendly
11185,finance
18911,nokia-3310
1789,communism
24828,rj
24788,succubus
12145,billy
5360,chatroom
40710,baddy
1146,flashback
6216,plataformas
7715,crystal
24484,p5
1851,russian-roulette
24430,spot
24438,plat
52832,seo-sex
24444,tiki
1179,challenges
24300,lahs
1733,harvest
7570,swipe
50902,tufrjam1
24262,baloon
1055,celeste
24211,donate
24200,circular
25948,fr
4064,alakajam
24110,shor
24098,ball-games
17560,projectiles
2722,virtual
8992,point
23732,aa
18340,ufos
12083,round
3674,gauntlet
11562,asexuality
45809,wick-editor
23733,hyperlink
9516,idol
57217,discroom
11925,replay
7415,thing
21083,yorkshire
12039,meow
20866,extra
12025,obstacle-course
39203,8x8
20726,trilogy
14383,stack
3012,roomba
4736,4k
1398,nuclear
12038,kitten
7473,epicgamejam
7209,towerdefense
18085,goty
997,island
286,psychedelic
211,diplomacy
297,lego
230,tactical-rpg
296,benchmark
177,voxel
190,soccer
260,gamemaker
774,nature
3818,comic-style
6152,cookies
2675,outrun
6207,eggs
3053,jigsaw
7377,irxjam17
46512,bfgd2019
20647,koala
20629,alt-ctrl
11101,rpgmaker2003
10296,reflexion
20574,epicmegajam
7677,beats
20553,fridge
8160,os
19437,bernie
7333,cavemen
20549,jewish
11023,kitties
7633,battle-arena
11074,gamecodeur
11075,leaf
6460,tranquil
11017,meme-game
630,fortress
13397,rhytm
53464,out-of-control
1336,elon-musk
10926,epic-megajam
20532,burning
10930,vertical-scroller
13323,coconut
20316,space-opera
9175,openvr
46116,unrealjam
11944,masks
20509,ddr
5272,game_jam
6415,dodging
11945,motivation
6202,stunt
6386,tribe
17091,gba
6363,zork
20458,ambulance
11927,steal
20459,emergency
20378,answer
20559,tg
6490,bright
7498,3ds
43248,scratch-made
22099,shader
31921,1-hour
41151,jammie
11870,division
20273,kawai
19534,furries
19410,bro
19404,unique-game
6393,sae
11872,subtraction
7731,vegeta
13847,teaser
19399,singapore
18726,bunker
4856,slots
18711,gif
7166,finland
18681,no-graphics
18684,cocktail
8295,magicavoxel
18664,avalanche
2720,exhibition
7261,surprise
18653,chile
18575,bass
18567,hot-dog
18556,puppies
1366,curling
9878,capture-the-flag
18508,mixing
18507,plattformer
52414,spelbyggarna
18480,centipede
18431,trouble
52413,kulturskolan
36167,tweetcart
7273,train-jam-2018
46430,game-off-2019
18413,goldsmiths
19318,zigzag
18396,vaccine
50512,nesdev
18394,breakout-clone
23345,gimp
6157,rowing
18355,not
6136,triangles
39402,health-impact-studio
1407,race
84,abstract
300,vampire
163,co-op-campaign
129,trackir
1309,hero
280,time-attack
2590,fun
27,warhammer-40k
277,villain-protagonist
7281,unconventional
18345,pixijs
18351,smasher
6263,bloom
18353,again
18344,pixi
6294,itchio
11863,space-invader
18341,onegameaweek
28026,ada
4230,online-game
18323,yang
53523,gmtk-2020
39400,clinical-tools
49857,gunmen
22382,what
763,serial-killer
18309,contamination
18284,battles
36788,phaser-3
18278,overcooked
18262,legacy
18192,slot-machine
6880,smartphone
13912,arduino
18190,help
6335,wave-shooter
18169,irisz
18162,pairs
52305,i-cant-draw
10483,stomp
18172,gecko
18158,debt
8534,ectocomp
39403,medical-education
47966,hand-tracking
1115,gbjam6
9275,randomized
18116,ballgame
17986,kenney-assets
4715,clown
5317,vomit
5340,non-fiction
7782,shit
7225,baldis-basics-in-education-and-learning
5154,healing
5351,anarchy
11747,xkcdgamejam
10267,puppy
14382,pancakes
4252,young-adult
52257,benbonk
7665,sin
5423,sound-design
9573,ramen
9338,naked
10269,hour
12375,stream
18856,feedback
9606,jesus
8954,unicorns
12372,avatar
8994,women
9005,educativo
4932,lcd
7574,cherry
20099,c-sharp
813,master-system
7116,lewd
6141,sumo
7057,crate
6967,passage
6763,valhalla
18098,gamemakerstoolkit
11680,mixed-reality
7608,burn
36673,gdevelop5
6838,bit
6987,pac-man
6340,randomly-generated
6931,australian
6842,jewel
6812,avoidance
6952,plateform
47814,thec64
53022,unitedgamejam
6793,tag-18
6782,meteors
17510,time-waster
6933,weeb
6958,harry-potter
39691,flowlab
7074,eyes
6861,bedroom
6862,black-hole
7068,heritage
7235,bumblebug
7258,shape
7666,beatbox
6858,lazer
4,funny
40850,steam-leaderboards
64,fantasy
9,online-co-op
49,difficult
193,classic
26,gore
37,sandbox
189,female-protagonist
123,comedy
974,death
219,politics
231,strategy-rpg
580,souls-like
624,monsters
1652,night
306,lara-croft
290,fmv
256,naval
235,trading-card-game
7067,webgame
6761,cosmic
6760,jet-pack
8612,cursed
7028,style
7240,rick-and-morty
20074,tricky
8211,agd
8616,paintball
2751,development
47771,desktop-game
16281,phoenix
7421,hiddenobject
48179,lucasfera15
46809,merge-numbers
48782,1jam
6561,problem-solving
2597,dev
3298,troll
11620,patterns
3173,clones
3299,castellano
29555,protoype
5521,care
53448,outofcontrol
7679,video-games
2446,overhead
34681,jimjam2
3039,tilt
5210,vertical-shooter
46550,choicescript
2284,1vs1
2957,psychic
24064,supergeeks
3105,girlfriend
3202,alice
2510,star-wars-2
1936,door
51376,pendragon
2693,fonts
3890,hair
2192,kiss
10613,astro
13050,mechanical
13141,openjam
2376,downwell
11815,tic-tac-toe
13195,herding
51367,pendragonjam
47928,ggj20
3755,128k
12295,traditional
3381,minimalistic
13191,papercraft
9695,daddy
3348,palette
5827,men
42129,sur
4212,pingpong
7187,mob
3782,aquarium
3236,ecosystem
4484,memorization
15663,granada-jam
13176,plateforme
50328,climate-jam
46813,yogscastgamejam
3517,sgj17
2809,skins
14568,jeu
3658,connect4
38456,brackeys-gamejam
11609,nothing
3470,leap
8183,dice-game
6929,clue
3352,enigma
3699,crane
3233,infection
13159,stalin
53006,smaug
46361,jinglejam
23146,politica
2987,spoof
2873,ant
2418,onegameamonth
6189,hood
10484,defuse
3293,cliff
2864,midnight
3932,orbs
43517,gwj
3339,crow
2398,colony
16687,open
3928,pikmin
2166,ultima
13140,moles
6278,dogfighting
25610,against-the-clock
1529,fight
151,modern
326,investigation
572,emotional
214,god-game
1863,challenge
263,mars
299,match-3
155,fishing
132,offroad
3634,oriental
5748,australia
3519,stranger-things
11502,slowmotion
3321,portuguese
3219,tricks
2782,scp-foundation
11501,dashing
7540,fuckthisjam
2760,syria
3948,dual-stick
3945,minigolf
11493,haunting
16821,crypto
5959,recycling
13965,arcanoid
14112,tacos
2684,nebula
5074,2-players-2
12289,norbez
5520,bone
3907,lofi
3886,1-button
7546,world-cup
3908,trashgame
20033,roll-a-ball
5110,teenagers
13119,alpaca
29471,badgame
12244,second-person
2905,decay
13120,quick-time-event
3687,film
12106,company
49272,karlson
7522,melancholy
46810,jingle-jam
3916,kobold
12057,barrel
12063,powerup
8300,billiards
12048,thesis
20007,mind-game
11390,tag-51
3316,cyberpunkjam
11131,chrome
12018,mobilegame
2460,sunset
11391,emojiam
19989,inde
4994,spectrum
11307,buffalo
7409,sweets
6210,hectic
45965,gm20
6206,cells
4935,grenade
819,road
13102,chopper
11999,leprechaun
24419,baldi-mod
11995,mentalhealth
7007,shelter
16534,flappy-bird-clone
849,slender
2894,score
2748,hats
7414,minimal
11290,sagamedev
9567,new-york
2499,survivor
13091,bottle
11291,kanye
48645,pizza-tower
2749,in-development-2
2690,space-station
6508,marshmallow
11956,michael
11961,competetive
11959,blaster
49814,sidequest
11941,bolsonaro
19958,safety
50231,ldjam46
3887,lantern
3084,law
3063,storytelling
3060,reactor
22353,ketchup
51028,vrjam2020
6438,thoughts
9847,zx81
11809,apk
13057,space-cowboy
11858,fisica
7037,bully
49226,yuneek
2290,monument-valley
12998,spain
14096,corrida
1221,history
240,martial-arts
199,sniper
246,clicker
1079,environment
310,runner
2906,police
1632,cars
301,transhumanism
467,role-playing-game
13067,finnish
7456,game-makers-toolkit-jam-2
48859,luxjam
10710,make-a-thing
7229,wolf-rpg-editor
11281,coin-op
2578,polish
2600,classroom
2375,1bit
2289,plants-vs-zombies
22970,holes
13266,donjon
7310,public-domain-jam
3159,my-little-pony
17597,stocks
19161,sustainability
17532,moss
10231,good-game
17515,polska
17472,extracreditsgamejam
19161,sustainability
17532,moss
10231,good-game
17515,polska
17685,one-week
17707,ld72
17472,extracreditsgamejam
17795,mathematic
7322,lgbtq
7271,cartoons
17828,12games12weeks
17835,firewall
10231,good-game
17515,polska
17472,extracreditsgamejam
17900,titanic
7322,lgbtq
7271,cartoons
2178,summon
17405,gladiators
7322,lgbtq
8431,canada
7271,cartoons
8217,genocide
2178,summon
17405,gladiators
17403,bill
5493,acid
18918,differences
19135,red-panda
8396,overwatch
3298,troll
8757,philippines
8356,jumper
8520,flappy
8253,zanga
8778,pride
3173,clones
8599,monkeys
2778,cold-war-2
2326,explore
228,programming
626,cats
894,classes
5816,console
274,gun-customization
5452,3rd-person
128,horses
3068,future
252,mouse-only
43578,remote-play-on-tablet
10766,reality-based
341,leaderboards
3117,shoot
314,world-war-i
146,nonlinear
275,movie
1709,work
820,secrets
281,philisophical
139,trains
340,in-development
95,animation-modeling
1484,skill
3046,destroy
1497,car
173,utilities
45201,remote-play-together
1505,ship
1411,build
292,rome
43577,remote-play-on-phone
324,experience
35162,battle-royale-2
782,humor
43574,open-world-2
583,narrative
3612,match
5842,steam
46112,sharedsplit-screen-co-op
425,single-player-only
2129,interactive
262,capitalism
574,dungeons-dragons
159,agriculture
1105,planet
3758,speed
51020,street-racing-2
1551,ancient
1315,room
1807,water
6465,unique
704,traps
94,design-illustration
1328,office
2405,planets
3388,waves
878,sword
992,student
500,solo
48354,w10-exclusive
322,basketball
49970,vehicular-combat-2
1626,collection
7082,fighter
40909,steamvr-collectibles
40851,steam-turn-notifications
20047,lifestyle
2682,strange
257,sailing
1,survival
6,exploration
15,stealth
79,free-to-play
198,split-screen
75,local-co-op
397,online-multiplayer
80,tactical
11669,stats
34,violent
2191,alien
2528,brain
298,grid-based-movement
3680,defense
844,simulator
569,minigames
5777,pack
753,god
106,pinball
1129,art
6498,atmosphere
3197,photography
38844,looter-shooter
1897,fire
1069,ball
1530,animation
321,bowling
253,chess
225,typing
43374,remote-play-on-tv
920,murder
237,dark-comedy
49953,hero-shooter-2
104,wargame
239,6dof
2184,hunt
49966,combat-racing-2
221,music-based-procedural-generation
822,escape
418,2-players
650,prison
1396,apocalypse
8234,fall
726,japan
7152,factory
92,game-development
835,swords
5488,tank
156,software
892,love
806,automation
294,gambling
312,nsfw
2889,balance
1753,guns
3103,evil
3116,fast
3626,treasure
6903,galaxy
751,real-time-strategy
3728,memory
2865,girl
460,endless
1743,collect
1303,shadows
1190,hell
1427,nightmare
2168,racer
570,old-school
161,golf
677,evolution
1125,arena
303,text-based
1212,combos
1156,princess
6033,smash
2006,castle
1598,mario
412,deathmatch
731,nes
293,otome
982,run
754,gun
2595,click
2876,square
764,slasher
627,skeletons
3574,laser
3786,sacrifice
657,dreams
3748,terror
316,mining
7629,enviroment
582,dog
1454,quest
2075,sound
712,school
3992,clone
1752,japanese
342,conversation
1468,calm
4441,cube
1470,peaceful
332,intentionally-awkward-controls
249,asynchronous-multiplayer
623,meat
6043,communication
1471,ai
49955,puzzle-platformer-2
49951,automobile-sim
115,controller
40852,steam-workshop
150,third-person-shooter
72,local-multiplayer
122,pixel-graphics
97,action-rpg
74,retro
63,zombies
40838,includes-level-editor
62,moddable
1382,duel
30084,movie-based
3803,boss
2373,text
597,artgame
2384,rock
1986,ice
1068,sea
37996,tank-controls
4458,mafia
2406,dance
4312,colors
683,photorealistic
3597,tablet
2631,cat
749,army
1593,gravity
315,werewolves
1796,dungeon
4927,fly
980,winter
1887,moon
2209,ghost
741,16-bit
499,team
663,ghosts
7413,grappling-hook
261,software-training
691,quick
137,on-rails-shooter
1325,kids
1778,food
684,children
4132,wizard
1500,immersive
5506,wizards
1086,plants
267,web-publishing
1527,rain
5222,avoid
905,animals
4851,box
834,party-game
5641,bundle
688,relationship
42053,zach-like
604,simple
3768,demon
925,coming-of-age
3075,coins
656,suspense
327,voice-control
888,hardcore
313,wrestling
1846,samurai
706,gamepad
4336,invaders
1618,jungle
4270,transportation
7452,ww1
202,artificial-intelligence
867,zelda
2489,dodge
1715,fox
1787,mobile
6026,balls
730,youtube
23,mini-golf
590,non-violent
1510,skateboarding
1788,metal
37995,fixed-camera-2
781,flower
740,demo
1746,dialogue
738,boss-battle
4388,snowboarding
1567,bullet-time-2
21738,time-manipulation-2
7316,ww2
5700,hockey
788,realism
1234,ambient
1333,android
3720,numbers
10215,raid
1689,vector
3189,color
486,versus
21400,lightsaber
248,lemmings
2743,dash
958,sprites
2468,paranormal
5191,black
617,weird
46114,sharedsplit-screen-pvp
3459,cinema
631,low-poly
3319,solitaire
141,point-click
25,space
41,dark
40832,cross-platform-multiplayer
134,anime
69,action-adventure
44,nudity
37796,exclusive
336,controller-support
102,turn-based
1202,neon
2022,wave
2286,tower
1640,pokemon
1378,bird
7447,russia
2180,spider
652,8-bit
1076,random
2606,mansion
3942,rage
14813,ancient-greece
1774,spaceship
668,creepy
14194,deckbuilding
49960,life-sim-2
2161,extreme
4752,skating
1539,toy
4881,bugs
7337,c
2689,rocket
282,tutorial
402,training
2118,snow
1324,autumn
4333,baseball
93,video-production
608,forest
1015,survive
8604,kid
654,blocks
2197,submarine
19085,chainsaw
1377,hack-n-slash
46115,lan-co-op
832,halloween
7942,scratch
7339,santa
796,plague
1329,phone
2835,word
653,dogs
45370,pixel-art
513,coop
579,addictive
323,word-game
6801,relaxation
3815,sport
1994,tap
575,logic
1206,flying
2546,ships
7528,campaign
1357,shop
5637,sky
2491,motorbike
2654,fruit
6755,wasteland
941,mountains
5512,business
1374,doom
784,train
1387,comic
620,spooky
320,sokoban
786,hentai
3109,weapons
3397,light
49959,2d-platformer-3
696,tennis
8846,hot-seat-2
1124,bear
607,unity
3654,lasers
1542,7dfps
1724,superpowers
28220,japanese-style
1806,tiny
49964,action-roguelike-2
1302,windows
5190,artsy
1372,procedural-generation-2
975,life
2629,mine
343,bikes
49995,2d-platformer-4
1030,black-and-white
264,pool
15772,small-size
803,top-down-shooter-2
1654,monkey
944,wolf
56825,2d-faiting
2480,spy
38477,platformers
5318,free-2-play
14037,board-games
2225,birds
1176,sonic
68,hack-and-slash
468,role-playing
111,short
70,war
40833,captions-available
5,replay-value
14,early-access
43,post-apocalyptic
157,pvp
17,survival-horror
6524,cover
1027,octopus
10639,motocross
21364,side-view
42713,asymmetric-vr
1726,disney
714,1-bit
3571,hook
930,witch
833,brawler
1916,memories
3570,big
21388,1930s
592,voice-acting
4810,worms
1541,radio
591,unreal-engine
777,meme
13635,fitness
687,feel-good
6350,hilarious
1350,crazy
1022,dad
2123,romantic
769,virus
1461,battle-royale
1316,room-escape
758,challenging
3383,dungeons
1332,frogs
666,cooking
6046,vikings
33670,american-football
1081,adult
40875,kidsfamily
2533,skiing
3892,reaction
717,jumping
5583,geometry
3346,cardboard
3170,jetpack
605,explosions
4144,craft
891,jam
2799,blue
1244,zen
4335,asteroid
2474,bomb
904,gay
1037,tetris
4338,egypt
30358,atv
1041,furry
893,queer
3953,words
1063,html
480,platform
1446,infinite
818,bike
2739,hidden-object-2
45372,episode
1605,horse
1018,depression
2933,flowers
641,friendship
1509,skate
646,maze
931,tycoon
804,upgrades
1524,beach
1925,baby
1313,32-bit
3330,mistery
27409,nitro
2724,trivia
644,yuri
2177,shapes
39566,mods
1455,brutal
21186,real-world
2445,people
1896,plane
3719,casino
9583,multiple-choice
476,side-scrolling
18426,enemy
633,renpy
1171,block
1117,chaos
1967,kinect
5258,core
1451,english
1725,candy
584,top-down-adventure
2074,desert
1441,earthbound
5622,awesome
4228,shooting
40938,vr-support-2
2496,minecraft
107,family-friendly
121,character-customization
113,side-scroller
40837,in-app-purchases
192,mature
88,cute
40856,valve-anti-cheat-enabled
117,mystery
89,historical
114,physics
5259,typing-game
311,underground
598,farming
690,paper
6443,hiding
329,mystery-dungeon
2114,psychological-horror-2
2170,indiecade
3709,grid
1158,creative
885,vive
750,knight
1583,cga
2202,tree
1731,farm
2838,jet
5899,construct
3631,folk
697,alchemy
7041,karting
2477,electronics
933,flight-simulator
49996,2d-faiter
40933,practical
2960,alpha
660,life-simulation
682,free
1252,portal
3111,paint
1943,boxing
2232,journey
2664,prototype
4565,offline
1162,asteroids
1390,couch-co-op
4581,pewpew
5559,elements
351,two-player
869,fear
1534,atari
1911,bus
2657,boat
1429,girls
6458,rainbow
1871,f2p
330,spelling
3991,match-three
7795,bmx
5140,indie-game
1917,only
7923,dogfight
727,meaningful-choices
3469,egg
2020,crab
16391,tracks
39457,360-video-2
1716,rabbit
585,lgbt
4226,penguin
2156,drift
1998,immersive-sim
1261,lovecraft
20056,predator
3244,helicopter
2266,pet
49950,card-battler
1755,chicken
846,chiptune
2879,esports
1013,ocean
49969,farming-sim-2
5484,clues
2109,memoir
3048,pig
4401,banana
10226,potatoes
655,manga
8407,solve
1549,snake
2789,best
576,faith
1469,garden
22120,active
3401,loss
9141,weapon
3681,bounce
715,text-based-2
49968,auto-battler
1736,bug
651,ragdoll
3638,caterpillar
3639,colour
7150,brick
2125,ccg
1127,keyboard
836,drone
6027,bubble-shooter
3640,remember
38661,kung-fu-2
1148,mood
168,rts
145,choices-matter
131,fast-paced
11,team-based
120,memes
167,futuristic
91,walking-simulator
172,aliens
37797,true-exclusive
99,isometric
4424,cubes
24768,bendy
568,time-management
396,mutliplayer
1921,horrible
1630,charming
1281,old-school-2
1997,david-lynch
1485,christmas
1876,drugs
3865,wind
2269,animal
1459,editor
3787,goats
2842,sim
3394,germany
573,unforgiving
6214,beta
711,mind-bending
44086,mental-health-2
15211,karaoke
3315,match3
895,drm-free
42678,social-deduction-2
3266,free-to-play-2
745,math
634,escape-game
927,love-2
4685,humour
3314,time
990,vn
344,cycling
10225,holy
3263,dancing
3810,india
3240,zachlike
1538,soldier
2173,cave
1317,deck-building
350,simultaneous
1097,ftl
17761,janky
333,steam-machine
1506,job-system
2171,indiecade-2017
2320,astronaut
7312,remaster
4698,remastered
1889,fish
1279,lowpoly
46113,lan-pvp
223,photo-editing
2277,code
3731,role-playing-game-2
1253,scifi
7010,championship
1348,ascii
3071,prehistoric
1965,duck
49967,colony-sim-2
2792,fifa
746,altgame
4880,tabletop
1009,chill
943,wildlife
40031,ludum-dare-44-2
1621,twitch
1218,trash
853,ludum-dare-33
6404,devil
7813,dlc
3067,caveman
9973,madness
1915,dead
5693,tron
1363,visualization
8492,russian
3278,rally
1308,guitar
2100,violence
331,documentary
900,fiction
2297,potato
348,alternating-turns
10368,civil-war
5911,drums
882,game-boy
385,multiplayer-online
7660,microphone
9540,cup
4729,squad-based
2362,danmaku
881,twine
614,edutainment
1144,vaporwave
5944,fighting-game
2896,collectathon
3220,minesweeper
5500,money
4859,mini-games
